{
  "interface_version": 1,
  "primary_metric": "avg_aug_gap",
  "primary_metric_value": 2.329567752253744,
  "avg_aug_gap": 2.329567752253744,
  "avg_no_aug_gap": 3.753675687101596,
  "augmentation_enable": true,
  "aug_factor": 8,
  "checkpoint_path": "/home/zhaorj/Code/SDM-5031-2026-Spring/TSP/POMO/result/saved_tsp100_model2_longTrain/checkpoint-3000.pt",
  "data_path": "/home/zhaorj/Code/SDM-5031-2026-Spring/TSP/data/val",
  "solved_instance_num": 10,
  "total_instance_num": 10,
  "instances": [
    "pr124",
    "kroB150",
    "kroA100",
    "pr299",
    "pr226",
    "kroC100",
    "ch150",
    "eil101",
    "kroE100",
    "kroA200"
  ],
  "optimal": [
    59030.0,
    26130.0,
    21282.0,
    48191.0,
    80369.0,
    20749.0,
    6528.0,
    629.0,
    22068.0,
    29368.0
  ],
  "problem_size": [
    124,
    150,
    100,
    299,
    226,
    100,
    150,
    101,
    100,
    200
  ],
  "no_aug_score": [
    59543.0,
    26942.0,
    21472.0,
    58088.0,
    83677.0,
    21084.0,
    6554.0,
    630.0,
    22394.0,
    30650.0
  ],
  "aug_score": [
    59076.0,
    26405.0,
    21420.0,
    54930.0,
    83677.0,
    20799.0,
    6554.0,
    630.0,
    22177.0,
    29992.0
  ],
  "no_aug_gap": [
    0.8690496357784178,
    3.107539226942212,
    0.892773235598158,
    20.537029735842793,
    4.116014881359728,
    1.6145356402718203,
    0.39828431372549017,
    0.1589825119236884,
    1.477252129780678,
    4.365295559792972
  ],
  "aug_gap": [
    0.07792647806200237,
    1.052430156907769,
    0.6484352974344516,
    13.983938909754933,
    4.116014881359728,
    0.24097546869728662,
    0.39828431372549017,
    0.1589825119236884,
    0.49392785934384625,
    2.1247616453282485
  ],
  "per_instance": [
    {
      "baseline_no_aug_score": 59543.0,
      "baseline_aug_score": 59076.0,
      "baseline_ms": 448.52757453918457,
      "rerank_enabled": false,
      "two_opt_enabled": false,
      "final_no_aug_score": 59543.0,
      "final_aug_score": 59076.0,
      "instance": "pr124",
      "problem_size": 124,
      "optimal": 59030.0,
      "no_aug_score": 59543.0,
      "aug_score": 59076.0,
      "no_aug_gap": 0.8690496357784178,
      "aug_gap": 0.07792647806200237
    },
    {
      "baseline_no_aug_score": 26942.0,
      "baseline_aug_score": 26405.0,
      "baseline_ms": 154.13737297058105,
      "rerank_enabled": false,
      "two_opt_enabled": false,
      "final_no_aug_score": 26942.0,
      "final_aug_score": 26405.0,
      "instance": "kroB150",
      "problem_size": 150,
      "optimal": 26130.0,
      "no_aug_score": 26942.0,
      "aug_score": 26405.0,
      "no_aug_gap": 3.107539226942212,
      "aug_gap": 1.052430156907769
    },
    {
      "baseline_no_aug_score": 21472.0,
      "baseline_aug_score": 21420.0,
      "baseline_ms": 97.70631790161133,
      "rerank_enabled": false,
      "two_opt_enabled": false,
      "final_no_aug_score": 21472.0,
      "final_aug_score": 21420.0,
      "instance": "kroA100",
      "problem_size": 100,
      "optimal": 21282.0,
      "no_aug_score": 21472.0,
      "aug_score": 21420.0,
      "no_aug_gap": 0.892773235598158,
      "aug_gap": 0.6484352974344516
    },
    {
      "baseline_no_aug_score": 58088.0,
      "baseline_aug_score": 54930.0,
      "baseline_ms": 347.4245071411133,
      "rerank_enabled": false,
      "two_opt_enabled": false,
      "final_no_aug_score": 58088.0,
      "final_aug_score": 54930.0,
      "instance": "pr299",
      "problem_size": 299,
      "optimal": 48191.0,
      "no_aug_score": 58088.0,
      "aug_score": 54930.0,
      "no_aug_gap": 20.537029735842793,
      "aug_gap": 13.983938909754933
    },
    {
      "baseline_no_aug_score": 83677.0,
      "baseline_aug_score": 83677.0,
      "baseline_ms": 262.59589195251465,
      "rerank_enabled": false,
      "two_opt_enabled": false,
      "final_no_aug_score": 83677.0,
      "final_aug_score": 83677.0,
      "instance": "pr226",
      "problem_size": 226,
      "optimal": 80369.0,
      "no_aug_score": 83677.0,
      "aug_score": 83677.0,
      "no_aug_gap": 4.116014881359728,
      "aug_gap": 4.116014881359728
    },
    {
      "baseline_no_aug_score": 21084.0,
      "baseline_aug_score": 20799.0,
      "baseline_ms": 128.9222240447998,
      "rerank_enabled": false,
      "two_opt_enabled": false,
      "final_no_aug_score": 21084.0,
      "final_aug_score": 20799.0,
      "instance": "kroC100",
      "problem_size": 100,
      "optimal": 20749.0,
      "no_aug_score": 21084.0,
      "aug_score": 20799.0,
      "no_aug_gap": 1.6145356402718203,
      "aug_gap": 0.24097546869728662
    },
    {
      "baseline_no_aug_score": 6554.0,
      "baseline_aug_score": 6554.0,
      "baseline_ms": 163.41757774353027,
      "rerank_enabled": false,
      "two_opt_enabled": false,
      "final_no_aug_score": 6554.0,
      "final_aug_score": 6554.0,
      "instance": "ch150",
      "problem_size": 150,
      "optimal": 6528.0,
      "no_aug_score": 6554.0,
      "aug_score": 6554.0,
      "no_aug_gap": 0.39828431372549017,
      "aug_gap": 0.39828431372549017
    },
    {
      "baseline_no_aug_score": 630.0,
      "baseline_aug_score": 630.0,
      "baseline_ms": 98.21295738220215,
      "rerank_enabled": false,
      "two_opt_enabled": false,
      "final_no_aug_score": 630.0,
      "final_aug_score": 630.0,
      "instance": "eil101",
      "problem_size": 101,
      "optimal": 629.0,
      "no_aug_score": 630.0,
      "aug_score": 630.0,
      "no_aug_gap": 0.1589825119236884,
      "aug_gap": 0.1589825119236884
    },
    {
      "baseline_no_aug_score": 22394.0,
      "baseline_aug_score": 22177.0,
      "baseline_ms": 93.47772598266602,
      "rerank_enabled": false,
      "two_opt_enabled": false,
      "final_no_aug_score": 22394.0,
      "final_aug_score": 22177.0,
      "instance": "kroE100",
      "problem_size": 100,
      "optimal": 22068.0,
      "no_aug_score": 22394.0,
      "aug_score": 22177.0,
      "no_aug_gap": 1.477252129780678,
      "aug_gap": 0.49392785934384625
    },
    {
      "baseline_no_aug_score": 30650.0,
      "baseline_aug_score": 29992.0,
      "baseline_ms": 204.97679710388184,
      "rerank_enabled": false,
      "two_opt_enabled": false,
      "final_no_aug_score": 30650.0,
      "final_aug_score": 29992.0,
      "instance": "kroA200",
      "problem_size": 200,
      "optimal": 29368.0,
      "no_aug_score": 30650.0,
      "aug_score": 29992.0,
      "no_aug_gap": 4.365295559792972,
      "aug_gap": 2.1247616453282485
    }
  ]
}