{
  "interface_version": 1,
  "primary_metric": "avg_aug_gap",
  "primary_metric_value": 1.6011207045647584,
  "avg_aug_gap": 1.6011207045647584,
  "avg_no_aug_gap": 3.2476748376897304,
  "augmentation_enable": true,
  "aug_factor": 8,
  "checkpoint_path": "/home/zhaorj/Code/SDM-5031-2026-Spring/TSP/POMO/result/20260424_012320_ft_m2_t30_B/checkpoint-3.pt",
  "data_path": "/home/zhaorj/Code/SDM-5031-2026-Spring/TSP/data/val",
  "solved_instance_num": 10,
  "total_instance_num": 10,
  "instances": [
    "pr124",
    "kroB150",
    "kroA100",
    "pr299",
    "pr226",
    "kroC100",
    "ch150",
    "eil101",
    "kroE100",
    "kroA200"
  ],
  "optimal": [
    59030.0,
    26130.0,
    21282.0,
    48191.0,
    80369.0,
    20749.0,
    6528.0,
    629.0,
    22068.0,
    29368.0
  ],
  "problem_size": [
    124,
    150,
    100,
    299,
    226,
    100,
    150,
    101,
    100,
    200
  ],
  "no_aug_score": [
    59543.0,
    26819.0,
    21354.0,
    56586.0,
    83280.0,
    21044.0,
    6555.0,
    630.0,
    22432.0,
    30527.0
  ],
  "aug_score": [
    59076.0,
    26455.0,
    21354.0,
    52087.0,
    83273.0,
    20770.0,
    6555.0,
    630.0,
    22190.0,
    29787.0
  ],
  "no_aug_gap": [
    0.8690496357784178,
    2.6368159203980097,
    0.33831406822667043,
    17.420265194745905,
    3.6220433251626867,
    1.4217552653139909,
    0.4136029411764706,
    0.1589825119236884,
    1.649447163313395,
    3.946472350858077
  ],
  "aug_gap": [
    0.07792647806200237,
    1.2437810945273633,
    0.33831406822667043,
    8.08449710526862,
    3.6133334992347796,
    0.10120969685286038,
    0.4136029411764706,
    0.1589825119236884,
    0.552836686605039,
    1.4267229637700898
  ],
  "per_instance": [
    {
      "baseline_no_aug_score": 59543.0,
      "baseline_aug_score": 59076.0,
      "baseline_ms": 398.6093997955322,
      "rerank_enabled": false,
      "two_opt_enabled": false,
      "final_no_aug_score": 59543.0,
      "final_aug_score": 59076.0,
      "instance": "pr124",
      "problem_size": 124,
      "optimal": 59030.0,
      "no_aug_score": 59543.0,
      "aug_score": 59076.0,
      "no_aug_gap": 0.8690496357784178,
      "aug_gap": 0.07792647806200237
    },
    {
      "baseline_no_aug_score": 26819.0,
      "baseline_aug_score": 26455.0,
      "baseline_ms": 116.71948432922363,
      "rerank_enabled": false,
      "two_opt_enabled": false,
      "final_no_aug_score": 26819.0,
      "final_aug_score": 26455.0,
      "instance": "kroB150",
      "problem_size": 150,
      "optimal": 26130.0,
      "no_aug_score": 26819.0,
      "aug_score": 26455.0,
      "no_aug_gap": 2.6368159203980097,
      "aug_gap": 1.2437810945273633
    },
    {
      "baseline_no_aug_score": 21354.0,
      "baseline_aug_score": 21354.0,
      "baseline_ms": 78.75251770019531,
      "rerank_enabled": false,
      "two_opt_enabled": false,
      "final_no_aug_score": 21354.0,
      "final_aug_score": 21354.0,
      "instance": "kroA100",
      "problem_size": 100,
      "optimal": 21282.0,
      "no_aug_score": 21354.0,
      "aug_score": 21354.0,
      "no_aug_gap": 0.33831406822667043,
      "aug_gap": 0.33831406822667043
    },
    {
      "baseline_no_aug_score": 56586.0,
      "baseline_aug_score": 52087.0,
      "baseline_ms": 229.58016395568848,
      "rerank_enabled": false,
      "two_opt_enabled": false,
      "final_no_aug_score": 56586.0,
      "final_aug_score": 52087.0,
      "instance": "pr299",
      "problem_size": 299,
      "optimal": 48191.0,
      "no_aug_score": 56586.0,
      "aug_score": 52087.0,
      "no_aug_gap": 17.420265194745905,
      "aug_gap": 8.08449710526862
    },
    {
      "baseline_no_aug_score": 83280.0,
      "baseline_aug_score": 83273.0,
      "baseline_ms": 198.1508731842041,
      "rerank_enabled": false,
      "two_opt_enabled": false,
      "final_no_aug_score": 83280.0,
      "final_aug_score": 83273.0,
      "instance": "pr226",
      "problem_size": 226,
      "optimal": 80369.0,
      "no_aug_score": 83280.0,
      "aug_score": 83273.0,
      "no_aug_gap": 3.6220433251626867,
      "aug_gap": 3.6133334992347796
    },
    {
      "baseline_no_aug_score": 21044.0,
      "baseline_aug_score": 20770.0,
      "baseline_ms": 78.70674133300781,
      "rerank_enabled": false,
      "two_opt_enabled": false,
      "final_no_aug_score": 21044.0,
      "final_aug_score": 20770.0,
      "instance": "kroC100",
      "problem_size": 100,
      "optimal": 20749.0,
      "no_aug_score": 21044.0,
      "aug_score": 20770.0,
      "no_aug_gap": 1.4217552653139909,
      "aug_gap": 0.10120969685286038
    },
    {
      "baseline_no_aug_score": 6555.0,
      "baseline_aug_score": 6555.0,
      "baseline_ms": 114.5470142364502,
      "rerank_enabled": false,
      "two_opt_enabled": false,
      "final_no_aug_score": 6555.0,
      "final_aug_score": 6555.0,
      "instance": "ch150",
      "problem_size": 150,
      "optimal": 6528.0,
      "no_aug_score": 6555.0,
      "aug_score": 6555.0,
      "no_aug_gap": 0.4136029411764706,
      "aug_gap": 0.4136029411764706
    },
    {
      "baseline_no_aug_score": 630.0,
      "baseline_aug_score": 630.0,
      "baseline_ms": 79.1778564453125,
      "rerank_enabled": false,
      "two_opt_enabled": false,
      "final_no_aug_score": 630.0,
      "final_aug_score": 630.0,
      "instance": "eil101",
      "problem_size": 101,
      "optimal": 629.0,
      "no_aug_score": 630.0,
      "aug_score": 630.0,
      "no_aug_gap": 0.1589825119236884,
      "aug_gap": 0.1589825119236884
    },
    {
      "baseline_no_aug_score": 22432.0,
      "baseline_aug_score": 22190.0,
      "baseline_ms": 77.81028747558594,
      "rerank_enabled": false,
      "two_opt_enabled": false,
      "final_no_aug_score": 22432.0,
      "final_aug_score": 22190.0,
      "instance": "kroE100",
      "problem_size": 100,
      "optimal": 22068.0,
      "no_aug_score": 22432.0,
      "aug_score": 22190.0,
      "no_aug_gap": 1.649447163313395,
      "aug_gap": 0.552836686605039
    },
    {
      "baseline_no_aug_score": 30527.0,
      "baseline_aug_score": 29787.0,
      "baseline_ms": 156.2671661376953,
      "rerank_enabled": false,
      "two_opt_enabled": false,
      "final_no_aug_score": 30527.0,
      "final_aug_score": 29787.0,
      "instance": "kroA200",
      "problem_size": 200,
      "optimal": 29368.0,
      "no_aug_score": 30527.0,
      "aug_score": 29787.0,
      "no_aug_gap": 3.946472350858077,
      "aug_gap": 1.4267229637700898
    }
  ]
}