{
  "interface_version": 1,
  "primary_metric": "avg_aug_gap",
  "primary_metric_value": 2.1727292526373847,
  "avg_aug_gap": 2.1727292526373847,
  "avg_no_aug_gap": 3.111447626268383,
  "augmentation_enable": true,
  "aug_factor": 8,
  "checkpoint_path": "/home/zhaorj/Code/SDM-5031-2026-Spring/TSP/POMO/result/20260424_011336_ft_m2_t26_B/checkpoint-3.pt",
  "data_path": "/home/zhaorj/Code/SDM-5031-2026-Spring/TSP/data/val",
  "solved_instance_num": 10,
  "total_instance_num": 10,
  "instances": [
    "pr124",
    "kroB150",
    "kroA100",
    "pr299",
    "pr226",
    "kroC100",
    "ch150",
    "eil101",
    "kroE100",
    "kroA200"
  ],
  "optimal": [
    59030.0,
    26130.0,
    21282.0,
    48191.0,
    80369.0,
    20749.0,
    6528.0,
    629.0,
    22068.0,
    29368.0
  ],
  "problem_size": [
    124,
    150,
    100,
    299,
    226,
    100,
    150,
    101,
    100,
    200
  ],
  "no_aug_score": [
    59393.0,
    26937.0,
    21477.0,
    56238.0,
    83361.0,
    20810.0,
    6558.0,
    632.0,
    22432.0,
    30306.0
  ],
  "aug_score": [
    59076.0,
    26443.0,
    21392.0,
    54149.0,
    83361.0,
    20770.0,
    6558.0,
    629.0,
    22248.0,
    30094.0
  ],
  "no_aug_gap": [
    0.6149415551414534,
    3.0884041331802528,
    0.9162672681138991,
    16.698138656595628,
    3.7228284537570455,
    0.2939900718106897,
    0.4595588235294118,
    0.47694753577106513,
    1.649447163313395,
    3.193952601470989
  ],
  "aug_gap": [
    0.07792647806200237,
    1.1978568694986604,
    0.516868715346302,
    12.363304351434916,
    3.7228284537570455,
    0.10120969685286038,
    0.4595588235294118,
    0.0,
    0.8156606851549755,
    2.4720784527376733
  ],
  "per_instance": [
    {
      "baseline_no_aug_score": 59393.0,
      "baseline_aug_score": 59076.0,
      "baseline_ms": 421.9202995300293,
      "rerank_enabled": false,
      "two_opt_enabled": false,
      "final_no_aug_score": 59393.0,
      "final_aug_score": 59076.0,
      "instance": "pr124",
      "problem_size": 124,
      "optimal": 59030.0,
      "no_aug_score": 59393.0,
      "aug_score": 59076.0,
      "no_aug_gap": 0.6149415551414534,
      "aug_gap": 0.07792647806200237
    },
    {
      "baseline_no_aug_score": 26937.0,
      "baseline_aug_score": 26443.0,
      "baseline_ms": 122.59769439697266,
      "rerank_enabled": false,
      "two_opt_enabled": false,
      "final_no_aug_score": 26937.0,
      "final_aug_score": 26443.0,
      "instance": "kroB150",
      "problem_size": 150,
      "optimal": 26130.0,
      "no_aug_score": 26937.0,
      "aug_score": 26443.0,
      "no_aug_gap": 3.0884041331802528,
      "aug_gap": 1.1978568694986604
    },
    {
      "baseline_no_aug_score": 21477.0,
      "baseline_aug_score": 21392.0,
      "baseline_ms": 99.37477111816406,
      "rerank_enabled": false,
      "two_opt_enabled": false,
      "final_no_aug_score": 21477.0,
      "final_aug_score": 21392.0,
      "instance": "kroA100",
      "problem_size": 100,
      "optimal": 21282.0,
      "no_aug_score": 21477.0,
      "aug_score": 21392.0,
      "no_aug_gap": 0.9162672681138991,
      "aug_gap": 0.516868715346302
    },
    {
      "baseline_no_aug_score": 56238.0,
      "baseline_aug_score": 54149.0,
      "baseline_ms": 235.7473373413086,
      "rerank_enabled": false,
      "two_opt_enabled": false,
      "final_no_aug_score": 56238.0,
      "final_aug_score": 54149.0,
      "instance": "pr299",
      "problem_size": 299,
      "optimal": 48191.0,
      "no_aug_score": 56238.0,
      "aug_score": 54149.0,
      "no_aug_gap": 16.698138656595628,
      "aug_gap": 12.363304351434916
    },
    {
      "baseline_no_aug_score": 83361.0,
      "baseline_aug_score": 83361.0,
      "baseline_ms": 182.4324131011963,
      "rerank_enabled": false,
      "two_opt_enabled": false,
      "final_no_aug_score": 83361.0,
      "final_aug_score": 83361.0,
      "instance": "pr226",
      "problem_size": 226,
      "optimal": 80369.0,
      "no_aug_score": 83361.0,
      "aug_score": 83361.0,
      "no_aug_gap": 3.7228284537570455,
      "aug_gap": 3.7228284537570455
    },
    {
      "baseline_no_aug_score": 20810.0,
      "baseline_aug_score": 20770.0,
      "baseline_ms": 81.81023597717285,
      "rerank_enabled": false,
      "two_opt_enabled": false,
      "final_no_aug_score": 20810.0,
      "final_aug_score": 20770.0,
      "instance": "kroC100",
      "problem_size": 100,
      "optimal": 20749.0,
      "no_aug_score": 20810.0,
      "aug_score": 20770.0,
      "no_aug_gap": 0.2939900718106897,
      "aug_gap": 0.10120969685286038
    },
    {
      "baseline_no_aug_score": 6558.0,
      "baseline_aug_score": 6558.0,
      "baseline_ms": 119.35114860534668,
      "rerank_enabled": false,
      "two_opt_enabled": false,
      "final_no_aug_score": 6558.0,
      "final_aug_score": 6558.0,
      "instance": "ch150",
      "problem_size": 150,
      "optimal": 6528.0,
      "no_aug_score": 6558.0,
      "aug_score": 6558.0,
      "no_aug_gap": 0.4595588235294118,
      "aug_gap": 0.4595588235294118
    },
    {
      "baseline_no_aug_score": 632.0,
      "baseline_aug_score": 629.0,
      "baseline_ms": 82.6113224029541,
      "rerank_enabled": false,
      "two_opt_enabled": false,
      "final_no_aug_score": 632.0,
      "final_aug_score": 629.0,
      "instance": "eil101",
      "problem_size": 101,
      "optimal": 629.0,
      "no_aug_score": 632.0,
      "aug_score": 629.0,
      "no_aug_gap": 0.47694753577106513,
      "aug_gap": 0.0
    },
    {
      "baseline_no_aug_score": 22432.0,
      "baseline_aug_score": 22248.0,
      "baseline_ms": 81.11286163330078,
      "rerank_enabled": false,
      "two_opt_enabled": false,
      "final_no_aug_score": 22432.0,
      "final_aug_score": 22248.0,
      "instance": "kroE100",
      "problem_size": 100,
      "optimal": 22068.0,
      "no_aug_score": 22432.0,
      "aug_score": 22248.0,
      "no_aug_gap": 1.649447163313395,
      "aug_gap": 0.8156606851549755
    },
    {
      "baseline_no_aug_score": 30306.0,
      "baseline_aug_score": 30094.0,
      "baseline_ms": 156.4006805419922,
      "rerank_enabled": false,
      "two_opt_enabled": false,
      "final_no_aug_score": 30306.0,
      "final_aug_score": 30094.0,
      "instance": "kroA200",
      "problem_size": 200,
      "optimal": 29368.0,
      "no_aug_score": 30306.0,
      "aug_score": 30094.0,
      "no_aug_gap": 3.193952601470989,
      "aug_gap": 2.4720784527376733
    }
  ]
}