{
  "interface_version": 1,
  "primary_metric": "avg_aug_gap",
  "primary_metric_value": 1.8836338035306697,
  "avg_aug_gap": 1.8836338035306697,
  "avg_no_aug_gap": 3.486983151315755,
  "augmentation_enable": true,
  "aug_factor": 8,
  "checkpoint_path": "/home/zhaorj/Code/SDM-5031-2026-Spring/TSP/POMO/result/20260424_001949_ft_m2_t4_A/checkpoint-3.pt",
  "data_path": "/home/zhaorj/Code/SDM-5031-2026-Spring/TSP/data/val",
  "solved_instance_num": 10,
  "total_instance_num": 10,
  "instances": [
    "pr124",
    "kroB150",
    "kroA100",
    "pr299",
    "pr226",
    "kroC100",
    "ch150",
    "eil101",
    "kroE100",
    "kroA200"
  ],
  "optimal": [
    59030.0,
    26130.0,
    21282.0,
    48191.0,
    80369.0,
    20749.0,
    6528.0,
    629.0,
    22068.0,
    29368.0
  ],
  "problem_size": [
    124,
    150,
    100,
    299,
    226,
    100,
    150,
    101,
    100,
    200
  ],
  "no_aug_score": [
    59543.0,
    26908.0,
    21472.0,
    57477.0,
    83270.0,
    21039.0,
    6555.0,
    631.0,
    22302.0,
    30561.0
  ],
  "aug_score": [
    59246.0,
    26271.0,
    21392.0,
    52918.0,
    83270.0,
    20799.0,
    6555.0,
    630.0,
    22281.0,
    30019.0
  ],
  "no_aug_gap": [
    0.8690496357784178,
    2.977420589360888,
    0.892773235598158,
    19.2691581415617,
    3.609600716694248,
    1.3976577184442622,
    0.4136029411764706,
    0.3179650238473768,
    1.0603588907014683,
    4.062244619994551
  ],
  "aug_gap": [
    0.36591563611722855,
    0.539609644087256,
    0.516868715346302,
    9.808885476541263,
    3.609600716694248,
    0.24097546869728662,
    0.4136029411764706,
    0.1589825119236884,
    0.9651984774333877,
    2.2166984472895668
  ],
  "per_instance": [
    {
      "baseline_no_aug_score": 59543.0,
      "baseline_aug_score": 59246.0,
      "baseline_ms": 384.8865032196045,
      "rerank_enabled": false,
      "two_opt_enabled": false,
      "final_no_aug_score": 59543.0,
      "final_aug_score": 59246.0,
      "instance": "pr124",
      "problem_size": 124,
      "optimal": 59030.0,
      "no_aug_score": 59543.0,
      "aug_score": 59246.0,
      "no_aug_gap": 0.8690496357784178,
      "aug_gap": 0.36591563611722855
    },
    {
      "baseline_no_aug_score": 26908.0,
      "baseline_aug_score": 26271.0,
      "baseline_ms": 123.65221977233887,
      "rerank_enabled": false,
      "two_opt_enabled": false,
      "final_no_aug_score": 26908.0,
      "final_aug_score": 26271.0,
      "instance": "kroB150",
      "problem_size": 150,
      "optimal": 26130.0,
      "no_aug_score": 26908.0,
      "aug_score": 26271.0,
      "no_aug_gap": 2.977420589360888,
      "aug_gap": 0.539609644087256
    },
    {
      "baseline_no_aug_score": 21472.0,
      "baseline_aug_score": 21392.0,
      "baseline_ms": 82.95583724975586,
      "rerank_enabled": false,
      "two_opt_enabled": false,
      "final_no_aug_score": 21472.0,
      "final_aug_score": 21392.0,
      "instance": "kroA100",
      "problem_size": 100,
      "optimal": 21282.0,
      "no_aug_score": 21472.0,
      "aug_score": 21392.0,
      "no_aug_gap": 0.892773235598158,
      "aug_gap": 0.516868715346302
    },
    {
      "baseline_no_aug_score": 57477.0,
      "baseline_aug_score": 52918.0,
      "baseline_ms": 235.1541519165039,
      "rerank_enabled": false,
      "two_opt_enabled": false,
      "final_no_aug_score": 57477.0,
      "final_aug_score": 52918.0,
      "instance": "pr299",
      "problem_size": 299,
      "optimal": 48191.0,
      "no_aug_score": 57477.0,
      "aug_score": 52918.0,
      "no_aug_gap": 19.2691581415617,
      "aug_gap": 9.808885476541263
    },
    {
      "baseline_no_aug_score": 83270.0,
      "baseline_aug_score": 83270.0,
      "baseline_ms": 178.90596389770508,
      "rerank_enabled": false,
      "two_opt_enabled": false,
      "final_no_aug_score": 83270.0,
      "final_aug_score": 83270.0,
      "instance": "pr226",
      "problem_size": 226,
      "optimal": 80369.0,
      "no_aug_score": 83270.0,
      "aug_score": 83270.0,
      "no_aug_gap": 3.609600716694248,
      "aug_gap": 3.609600716694248
    },
    {
      "baseline_no_aug_score": 21039.0,
      "baseline_aug_score": 20799.0,
      "baseline_ms": 88.79303932189941,
      "rerank_enabled": false,
      "two_opt_enabled": false,
      "final_no_aug_score": 21039.0,
      "final_aug_score": 20799.0,
      "instance": "kroC100",
      "problem_size": 100,
      "optimal": 20749.0,
      "no_aug_score": 21039.0,
      "aug_score": 20799.0,
      "no_aug_gap": 1.3976577184442622,
      "aug_gap": 0.24097546869728662
    },
    {
      "baseline_no_aug_score": 6555.0,
      "baseline_aug_score": 6555.0,
      "baseline_ms": 121.44899368286133,
      "rerank_enabled": false,
      "two_opt_enabled": false,
      "final_no_aug_score": 6555.0,
      "final_aug_score": 6555.0,
      "instance": "ch150",
      "problem_size": 150,
      "optimal": 6528.0,
      "no_aug_score": 6555.0,
      "aug_score": 6555.0,
      "no_aug_gap": 0.4136029411764706,
      "aug_gap": 0.4136029411764706
    },
    {
      "baseline_no_aug_score": 631.0,
      "baseline_aug_score": 630.0,
      "baseline_ms": 83.15777778625488,
      "rerank_enabled": false,
      "two_opt_enabled": false,
      "final_no_aug_score": 631.0,
      "final_aug_score": 630.0,
      "instance": "eil101",
      "problem_size": 101,
      "optimal": 629.0,
      "no_aug_score": 631.0,
      "aug_score": 630.0,
      "no_aug_gap": 0.3179650238473768,
      "aug_gap": 0.1589825119236884
    },
    {
      "baseline_no_aug_score": 22302.0,
      "baseline_aug_score": 22281.0,
      "baseline_ms": 81.77447319030762,
      "rerank_enabled": false,
      "two_opt_enabled": false,
      "final_no_aug_score": 22302.0,
      "final_aug_score": 22281.0,
      "instance": "kroE100",
      "problem_size": 100,
      "optimal": 22068.0,
      "no_aug_score": 22302.0,
      "aug_score": 22281.0,
      "no_aug_gap": 1.0603588907014683,
      "aug_gap": 0.9651984774333877
    },
    {
      "baseline_no_aug_score": 30561.0,
      "baseline_aug_score": 30019.0,
      "baseline_ms": 157.41634368896484,
      "rerank_enabled": false,
      "two_opt_enabled": false,
      "final_no_aug_score": 30561.0,
      "final_aug_score": 30019.0,
      "instance": "kroA200",
      "problem_size": 200,
      "optimal": 29368.0,
      "no_aug_score": 30561.0,
      "aug_score": 30019.0,
      "no_aug_gap": 4.062244619994551,
      "aug_gap": 2.2166984472895668
    }
  ]
}