{
  "interface_version": 1,
  "primary_metric": "avg_aug_gap",
  "primary_metric_value": 2.0408655063365484,
  "avg_aug_gap": 2.0408655063365484,
  "avg_no_aug_gap": 3.4973029368427113,
  "augmentation_enable": true,
  "aug_factor": 8,
  "checkpoint_path": "/home/zhaorj/Code/SDM-5031-2026-Spring/TSP/POMO/result/20260424_003911_ft_m2_t12_A/checkpoint-3.pt",
  "data_path": "/home/zhaorj/Code/SDM-5031-2026-Spring/TSP/data/val",
  "solved_instance_num": 10,
  "total_instance_num": 10,
  "instances": [
    "pr124",
    "kroB150",
    "kroA100",
    "pr299",
    "pr226",
    "kroC100",
    "ch150",
    "eil101",
    "kroE100",
    "kroA200"
  ],
  "optimal": [
    59030.0,
    26130.0,
    21282.0,
    48191.0,
    80369.0,
    20749.0,
    6528.0,
    629.0,
    22068.0,
    29368.0
  ],
  "problem_size": [
    124,
    150,
    100,
    299,
    226,
    100,
    150,
    101,
    100,
    200
  ],
  "no_aug_score": [
    59501.0,
    26908.0,
    21478.0,
    57822.0,
    83323.0,
    21039.0,
    6555.0,
    630.0,
    22302.0,
    30421.0
  ],
  "aug_score": [
    59076.0,
    26357.0,
    21359.0,
    53677.0,
    83323.0,
    20799.0,
    6555.0,
    630.0,
    22291.0,
    30019.0
  ],
  "no_aug_gap": [
    0.7978993732000678,
    2.977420589360888,
    0.9209660746170473,
    19.985059450934823,
    3.675546541576976,
    1.3976577184442622,
    0.4136029411764706,
    0.1589825119236884,
    1.0603588907014683,
    3.5855352764914192
  ],
  "aug_gap": [
    0.07792647806200237,
    0.8687332567929582,
    0.36180810074241143,
    11.383868357162125,
    3.675546541576976,
    0.24097546869728662,
    0.4136029411764706,
    0.1589825119236884,
    1.0105129599419975,
    2.2166984472895668
  ],
  "per_instance": [
    {
      "baseline_no_aug_score": 59501.0,
      "baseline_aug_score": 59076.0,
      "baseline_ms": 430.8285713195801,
      "rerank_enabled": false,
      "two_opt_enabled": false,
      "final_no_aug_score": 59501.0,
      "final_aug_score": 59076.0,
      "instance": "pr124",
      "problem_size": 124,
      "optimal": 59030.0,
      "no_aug_score": 59501.0,
      "aug_score": 59076.0,
      "no_aug_gap": 0.7978993732000678,
      "aug_gap": 0.07792647806200237
    },
    {
      "baseline_no_aug_score": 26908.0,
      "baseline_aug_score": 26357.0,
      "baseline_ms": 132.42554664611816,
      "rerank_enabled": false,
      "two_opt_enabled": false,
      "final_no_aug_score": 26908.0,
      "final_aug_score": 26357.0,
      "instance": "kroB150",
      "problem_size": 150,
      "optimal": 26130.0,
      "no_aug_score": 26908.0,
      "aug_score": 26357.0,
      "no_aug_gap": 2.977420589360888,
      "aug_gap": 0.8687332567929582
    },
    {
      "baseline_no_aug_score": 21478.0,
      "baseline_aug_score": 21359.0,
      "baseline_ms": 89.31446075439453,
      "rerank_enabled": false,
      "two_opt_enabled": false,
      "final_no_aug_score": 21478.0,
      "final_aug_score": 21359.0,
      "instance": "kroA100",
      "problem_size": 100,
      "optimal": 21282.0,
      "no_aug_score": 21478.0,
      "aug_score": 21359.0,
      "no_aug_gap": 0.9209660746170473,
      "aug_gap": 0.36180810074241143
    },
    {
      "baseline_no_aug_score": 57822.0,
      "baseline_aug_score": 53677.0,
      "baseline_ms": 281.2635898590088,
      "rerank_enabled": false,
      "two_opt_enabled": false,
      "final_no_aug_score": 57822.0,
      "final_aug_score": 53677.0,
      "instance": "pr299",
      "problem_size": 299,
      "optimal": 48191.0,
      "no_aug_score": 57822.0,
      "aug_score": 53677.0,
      "no_aug_gap": 19.985059450934823,
      "aug_gap": 11.383868357162125
    },
    {
      "baseline_no_aug_score": 83323.0,
      "baseline_aug_score": 83323.0,
      "baseline_ms": 180.8018684387207,
      "rerank_enabled": false,
      "two_opt_enabled": false,
      "final_no_aug_score": 83323.0,
      "final_aug_score": 83323.0,
      "instance": "pr226",
      "problem_size": 226,
      "optimal": 80369.0,
      "no_aug_score": 83323.0,
      "aug_score": 83323.0,
      "no_aug_gap": 3.675546541576976,
      "aug_gap": 3.675546541576976
    },
    {
      "baseline_no_aug_score": 21039.0,
      "baseline_aug_score": 20799.0,
      "baseline_ms": 82.79633522033691,
      "rerank_enabled": false,
      "two_opt_enabled": false,
      "final_no_aug_score": 21039.0,
      "final_aug_score": 20799.0,
      "instance": "kroC100",
      "problem_size": 100,
      "optimal": 20749.0,
      "no_aug_score": 21039.0,
      "aug_score": 20799.0,
      "no_aug_gap": 1.3976577184442622,
      "aug_gap": 0.24097546869728662
    },
    {
      "baseline_no_aug_score": 6555.0,
      "baseline_aug_score": 6555.0,
      "baseline_ms": 121.09160423278809,
      "rerank_enabled": false,
      "two_opt_enabled": false,
      "final_no_aug_score": 6555.0,
      "final_aug_score": 6555.0,
      "instance": "ch150",
      "problem_size": 150,
      "optimal": 6528.0,
      "no_aug_score": 6555.0,
      "aug_score": 6555.0,
      "no_aug_gap": 0.4136029411764706,
      "aug_gap": 0.4136029411764706
    },
    {
      "baseline_no_aug_score": 630.0,
      "baseline_aug_score": 630.0,
      "baseline_ms": 83.64176750183105,
      "rerank_enabled": false,
      "two_opt_enabled": false,
      "final_no_aug_score": 630.0,
      "final_aug_score": 630.0,
      "instance": "eil101",
      "problem_size": 101,
      "optimal": 629.0,
      "no_aug_score": 630.0,
      "aug_score": 630.0,
      "no_aug_gap": 0.1589825119236884,
      "aug_gap": 0.1589825119236884
    },
    {
      "baseline_no_aug_score": 22302.0,
      "baseline_aug_score": 22291.0,
      "baseline_ms": 82.38077163696289,
      "rerank_enabled": false,
      "two_opt_enabled": false,
      "final_no_aug_score": 22302.0,
      "final_aug_score": 22291.0,
      "instance": "kroE100",
      "problem_size": 100,
      "optimal": 22068.0,
      "no_aug_score": 22302.0,
      "aug_score": 22291.0,
      "no_aug_gap": 1.0603588907014683,
      "aug_gap": 1.0105129599419975
    },
    {
      "baseline_no_aug_score": 30421.0,
      "baseline_aug_score": 30019.0,
      "baseline_ms": 159.4984531402588,
      "rerank_enabled": false,
      "two_opt_enabled": false,
      "final_no_aug_score": 30421.0,
      "final_aug_score": 30019.0,
      "instance": "kroA200",
      "problem_size": 200,
      "optimal": 29368.0,
      "no_aug_score": 30421.0,
      "aug_score": 30019.0,
      "no_aug_gap": 3.5855352764914192,
      "aug_gap": 2.2166984472895668
    }
  ]
}