{
  "interface_version": 1,
  "primary_metric": "avg_aug_gap",
  "primary_metric_value": 1.8784887286629801,
  "avg_aug_gap": 1.8784887286629801,
  "avg_no_aug_gap": 3.328718232081338,
  "augmentation_enable": true,
  "aug_factor": 8,
  "checkpoint_path": "/home/zhaorj/Code/SDM-5031-2026-Spring/TSP/POMO/result/20260424_001430_ft_m2_t2_A/checkpoint-3.pt",
  "data_path": "/home/zhaorj/Code/SDM-5031-2026-Spring/TSP/data/val",
  "solved_instance_num": 10,
  "total_instance_num": 10,
  "instances": [
    "pr124",
    "kroB150",
    "kroA100",
    "pr299",
    "pr226",
    "kroC100",
    "ch150",
    "eil101",
    "kroE100",
    "kroA200"
  ],
  "optimal": [
    59030.0,
    26130.0,
    21282.0,
    48191.0,
    80369.0,
    20749.0,
    6528.0,
    629.0,
    22068.0,
    29368.0
  ],
  "problem_size": [
    124,
    150,
    100,
    299,
    226,
    100,
    150,
    101,
    100,
    200
  ],
  "no_aug_score": [
    59246.0,
    26934.0,
    21384.0,
    57493.0,
    83122.0,
    20875.0,
    6555.0,
    630.0,
    22436.0,
    30481.0
  ],
  "aug_score": [
    59076.0,
    26503.0,
    21384.0,
    53232.0,
    83122.0,
    20756.0,
    6555.0,
    630.0,
    22276.0,
    29769.0
  ],
  "no_aug_gap": [
    0.36591563611722855,
    3.076923076923077,
    0.47927826332111645,
    19.302359361706543,
    3.425450111361346,
    0.6072581811171622,
    0.4136029411764706,
    0.1589825119236884,
    1.6675729563168387,
    3.789839280849905
  ],
  "aug_gap": [
    0.07792647806200237,
    1.4274779946421738,
    0.47927826332111645,
    10.460459421883755,
    3.425450111361346,
    0.033736565617620125,
    0.4136029411764706,
    0.1589825119236884,
    0.9425412361790828,
    1.3654317624625443
  ],
  "per_instance": [
    {
      "baseline_no_aug_score": 59246.0,
      "baseline_aug_score": 59076.0,
      "baseline_ms": 424.4692325592041,
      "rerank_enabled": false,
      "two_opt_enabled": false,
      "final_no_aug_score": 59246.0,
      "final_aug_score": 59076.0,
      "instance": "pr124",
      "problem_size": 124,
      "optimal": 59030.0,
      "no_aug_score": 59246.0,
      "aug_score": 59076.0,
      "no_aug_gap": 0.36591563611722855,
      "aug_gap": 0.07792647806200237
    },
    {
      "baseline_no_aug_score": 26934.0,
      "baseline_aug_score": 26503.0,
      "baseline_ms": 140.80381393432617,
      "rerank_enabled": false,
      "two_opt_enabled": false,
      "final_no_aug_score": 26934.0,
      "final_aug_score": 26503.0,
      "instance": "kroB150",
      "problem_size": 150,
      "optimal": 26130.0,
      "no_aug_score": 26934.0,
      "aug_score": 26503.0,
      "no_aug_gap": 3.076923076923077,
      "aug_gap": 1.4274779946421738
    },
    {
      "baseline_no_aug_score": 21384.0,
      "baseline_aug_score": 21384.0,
      "baseline_ms": 81.79283142089844,
      "rerank_enabled": false,
      "two_opt_enabled": false,
      "final_no_aug_score": 21384.0,
      "final_aug_score": 21384.0,
      "instance": "kroA100",
      "problem_size": 100,
      "optimal": 21282.0,
      "no_aug_score": 21384.0,
      "aug_score": 21384.0,
      "no_aug_gap": 0.47927826332111645,
      "aug_gap": 0.47927826332111645
    },
    {
      "baseline_no_aug_score": 57493.0,
      "baseline_aug_score": 53232.0,
      "baseline_ms": 232.31887817382812,
      "rerank_enabled": false,
      "two_opt_enabled": false,
      "final_no_aug_score": 57493.0,
      "final_aug_score": 53232.0,
      "instance": "pr299",
      "problem_size": 299,
      "optimal": 48191.0,
      "no_aug_score": 57493.0,
      "aug_score": 53232.0,
      "no_aug_gap": 19.302359361706543,
      "aug_gap": 10.460459421883755
    },
    {
      "baseline_no_aug_score": 83122.0,
      "baseline_aug_score": 83122.0,
      "baseline_ms": 179.17585372924805,
      "rerank_enabled": false,
      "two_opt_enabled": false,
      "final_no_aug_score": 83122.0,
      "final_aug_score": 83122.0,
      "instance": "pr226",
      "problem_size": 226,
      "optimal": 80369.0,
      "no_aug_score": 83122.0,
      "aug_score": 83122.0,
      "no_aug_gap": 3.425450111361346,
      "aug_gap": 3.425450111361346
    },
    {
      "baseline_no_aug_score": 20875.0,
      "baseline_aug_score": 20756.0,
      "baseline_ms": 80.93690872192383,
      "rerank_enabled": false,
      "two_opt_enabled": false,
      "final_no_aug_score": 20875.0,
      "final_aug_score": 20756.0,
      "instance": "kroC100",
      "problem_size": 100,
      "optimal": 20749.0,
      "no_aug_score": 20875.0,
      "aug_score": 20756.0,
      "no_aug_gap": 0.6072581811171622,
      "aug_gap": 0.033736565617620125
    },
    {
      "baseline_no_aug_score": 6555.0,
      "baseline_aug_score": 6555.0,
      "baseline_ms": 118.34144592285156,
      "rerank_enabled": false,
      "two_opt_enabled": false,
      "final_no_aug_score": 6555.0,
      "final_aug_score": 6555.0,
      "instance": "ch150",
      "problem_size": 150,
      "optimal": 6528.0,
      "no_aug_score": 6555.0,
      "aug_score": 6555.0,
      "no_aug_gap": 0.4136029411764706,
      "aug_gap": 0.4136029411764706
    },
    {
      "baseline_no_aug_score": 630.0,
      "baseline_aug_score": 630.0,
      "baseline_ms": 81.56323432922363,
      "rerank_enabled": false,
      "two_opt_enabled": false,
      "final_no_aug_score": 630.0,
      "final_aug_score": 630.0,
      "instance": "eil101",
      "problem_size": 101,
      "optimal": 629.0,
      "no_aug_score": 630.0,
      "aug_score": 630.0,
      "no_aug_gap": 0.1589825119236884,
      "aug_gap": 0.1589825119236884
    },
    {
      "baseline_no_aug_score": 22436.0,
      "baseline_aug_score": 22276.0,
      "baseline_ms": 80.32488822937012,
      "rerank_enabled": false,
      "two_opt_enabled": false,
      "final_no_aug_score": 22436.0,
      "final_aug_score": 22276.0,
      "instance": "kroE100",
      "problem_size": 100,
      "optimal": 22068.0,
      "no_aug_score": 22436.0,
      "aug_score": 22276.0,
      "no_aug_gap": 1.6675729563168387,
      "aug_gap": 0.9425412361790828
    },
    {
      "baseline_no_aug_score": 30481.0,
      "baseline_aug_score": 29769.0,
      "baseline_ms": 154.50739860534668,
      "rerank_enabled": false,
      "two_opt_enabled": false,
      "final_no_aug_score": 30481.0,
      "final_aug_score": 29769.0,
      "instance": "kroA200",
      "problem_size": 200,
      "optimal": 29368.0,
      "no_aug_score": 30481.0,
      "aug_score": 29769.0,
      "no_aug_gap": 3.789839280849905,
      "aug_gap": 1.3654317624625443
    }
  ]
}