{
  "interface_version": 1,
  "primary_metric": "avg_aug_gap",
  "primary_metric_value": 1.830091951835921,
  "avg_aug_gap": 1.830091951835921,
  "avg_no_aug_gap": 3.457978630972124,
  "augmentation_enable": true,
  "aug_factor": 8,
  "checkpoint_path": "/home/zhaorj/Code/SDM-5031-2026-Spring/TSP/POMO/result/20260424_003208_ft_m2_t9_A/checkpoint-3.pt",
  "data_path": "/home/zhaorj/Code/SDM-5031-2026-Spring/TSP/data/val",
  "solved_instance_num": 10,
  "total_instance_num": 10,
  "instances": [
    "pr124",
    "kroB150",
    "kroA100",
    "pr299",
    "pr226",
    "kroC100",
    "ch150",
    "eil101",
    "kroE100",
    "kroA200"
  ],
  "optimal": [
    59030.0,
    26130.0,
    21282.0,
    48191.0,
    80369.0,
    20749.0,
    6528.0,
    629.0,
    22068.0,
    29368.0
  ],
  "problem_size": [
    124,
    150,
    100,
    299,
    226,
    100,
    150,
    101,
    100,
    200
  ],
  "no_aug_score": [
    59543.0,
    26914.0,
    21442.0,
    57271.0,
    83067.0,
    21039.0,
    6555.0,
    630.0,
    22480.0,
    30520.0
  ],
  "aug_score": [
    59076.0,
    26357.0,
    21412.0,
    52940.0,
    83067.0,
    20770.0,
    6555.0,
    630.0,
    22190.0,
    30045.0
  ],
  "no_aug_gap": [
    0.8690496357784178,
    3.0003827018752394,
    0.7518090405037121,
    18.841692432196883,
    3.3570157647849297,
    1.3976577184442622,
    0.4136029411764706,
    0.1589825119236884,
    1.8669566793547216,
    3.92263688368292
  ],
  "aug_gap": [
    0.07792647806200237,
    0.8687332567929582,
    0.6108448454092661,
    9.854537154240418,
    3.3570157647849297,
    0.10120969685286038,
    0.4136029411764706,
    0.1589825119236884,
    0.552836686605039,
    2.3052301825115773
  ],
  "per_instance": [
    {
      "baseline_no_aug_score": 59543.0,
      "baseline_aug_score": 59076.0,
      "baseline_ms": 409.91878509521484,
      "rerank_enabled": false,
      "two_opt_enabled": false,
      "final_no_aug_score": 59543.0,
      "final_aug_score": 59076.0,
      "instance": "pr124",
      "problem_size": 124,
      "optimal": 59030.0,
      "no_aug_score": 59543.0,
      "aug_score": 59076.0,
      "no_aug_gap": 0.8690496357784178,
      "aug_gap": 0.07792647806200237
    },
    {
      "baseline_no_aug_score": 26914.0,
      "baseline_aug_score": 26357.0,
      "baseline_ms": 122.01738357543945,
      "rerank_enabled": false,
      "two_opt_enabled": false,
      "final_no_aug_score": 26914.0,
      "final_aug_score": 26357.0,
      "instance": "kroB150",
      "problem_size": 150,
      "optimal": 26130.0,
      "no_aug_score": 26914.0,
      "aug_score": 26357.0,
      "no_aug_gap": 3.0003827018752394,
      "aug_gap": 0.8687332567929582
    },
    {
      "baseline_no_aug_score": 21442.0,
      "baseline_aug_score": 21412.0,
      "baseline_ms": 81.99024200439453,
      "rerank_enabled": false,
      "two_opt_enabled": false,
      "final_no_aug_score": 21442.0,
      "final_aug_score": 21412.0,
      "instance": "kroA100",
      "problem_size": 100,
      "optimal": 21282.0,
      "no_aug_score": 21442.0,
      "aug_score": 21412.0,
      "no_aug_gap": 0.7518090405037121,
      "aug_gap": 0.6108448454092661
    },
    {
      "baseline_no_aug_score": 57271.0,
      "baseline_aug_score": 52940.0,
      "baseline_ms": 237.7936840057373,
      "rerank_enabled": false,
      "two_opt_enabled": false,
      "final_no_aug_score": 57271.0,
      "final_aug_score": 52940.0,
      "instance": "pr299",
      "problem_size": 299,
      "optimal": 48191.0,
      "no_aug_score": 57271.0,
      "aug_score": 52940.0,
      "no_aug_gap": 18.841692432196883,
      "aug_gap": 9.854537154240418
    },
    {
      "baseline_no_aug_score": 83067.0,
      "baseline_aug_score": 83067.0,
      "baseline_ms": 182.0230484008789,
      "rerank_enabled": false,
      "two_opt_enabled": false,
      "final_no_aug_score": 83067.0,
      "final_aug_score": 83067.0,
      "instance": "pr226",
      "problem_size": 226,
      "optimal": 80369.0,
      "no_aug_score": 83067.0,
      "aug_score": 83067.0,
      "no_aug_gap": 3.3570157647849297,
      "aug_gap": 3.3570157647849297
    },
    {
      "baseline_no_aug_score": 21039.0,
      "baseline_aug_score": 20770.0,
      "baseline_ms": 103.61266136169434,
      "rerank_enabled": false,
      "two_opt_enabled": false,
      "final_no_aug_score": 21039.0,
      "final_aug_score": 20770.0,
      "instance": "kroC100",
      "problem_size": 100,
      "optimal": 20749.0,
      "no_aug_score": 21039.0,
      "aug_score": 20770.0,
      "no_aug_gap": 1.3976577184442622,
      "aug_gap": 0.10120969685286038
    },
    {
      "baseline_no_aug_score": 6555.0,
      "baseline_aug_score": 6555.0,
      "baseline_ms": 148.59938621520996,
      "rerank_enabled": false,
      "two_opt_enabled": false,
      "final_no_aug_score": 6555.0,
      "final_aug_score": 6555.0,
      "instance": "ch150",
      "problem_size": 150,
      "optimal": 6528.0,
      "no_aug_score": 6555.0,
      "aug_score": 6555.0,
      "no_aug_gap": 0.4136029411764706,
      "aug_gap": 0.4136029411764706
    },
    {
      "baseline_no_aug_score": 630.0,
      "baseline_aug_score": 630.0,
      "baseline_ms": 114.65096473693848,
      "rerank_enabled": false,
      "two_opt_enabled": false,
      "final_no_aug_score": 630.0,
      "final_aug_score": 630.0,
      "instance": "eil101",
      "problem_size": 101,
      "optimal": 629.0,
      "no_aug_score": 630.0,
      "aug_score": 630.0,
      "no_aug_gap": 0.1589825119236884,
      "aug_gap": 0.1589825119236884
    },
    {
      "baseline_no_aug_score": 22480.0,
      "baseline_aug_score": 22190.0,
      "baseline_ms": 100.86989402770996,
      "rerank_enabled": false,
      "two_opt_enabled": false,
      "final_no_aug_score": 22480.0,
      "final_aug_score": 22190.0,
      "instance": "kroE100",
      "problem_size": 100,
      "optimal": 22068.0,
      "no_aug_score": 22480.0,
      "aug_score": 22190.0,
      "no_aug_gap": 1.8669566793547216,
      "aug_gap": 0.552836686605039
    },
    {
      "baseline_no_aug_score": 30520.0,
      "baseline_aug_score": 30045.0,
      "baseline_ms": 194.6408748626709,
      "rerank_enabled": false,
      "two_opt_enabled": false,
      "final_no_aug_score": 30520.0,
      "final_aug_score": 30045.0,
      "instance": "kroA200",
      "problem_size": 200,
      "optimal": 29368.0,
      "no_aug_score": 30520.0,
      "aug_score": 30045.0,
      "no_aug_gap": 3.92263688368292,
      "aug_gap": 2.3052301825115773
    }
  ]
}