{
  "interface_version": 1,
  "primary_metric": "avg_aug_gap",
  "primary_metric_value": 1.9812676597388055,
  "avg_aug_gap": 1.9812676597388055,
  "avg_no_aug_gap": 3.3403946518502345,
  "augmentation_enable": true,
  "aug_factor": 8,
  "checkpoint_path": "/home/zhaorj/Code/SDM-5031-2026-Spring/TSP/POMO/result/20260424_010113_ft_m2_t21_B/checkpoint-3.pt",
  "data_path": "/home/zhaorj/Code/SDM-5031-2026-Spring/TSP/data/val",
  "solved_instance_num": 10,
  "total_instance_num": 10,
  "instances": [
    "pr124",
    "kroB150",
    "kroA100",
    "pr299",
    "pr226",
    "kroC100",
    "ch150",
    "eil101",
    "kroE100",
    "kroA200"
  ],
  "optimal": [
    59030.0,
    26130.0,
    21282.0,
    48191.0,
    80369.0,
    20749.0,
    6528.0,
    629.0,
    22068.0,
    29368.0
  ],
  "problem_size": [
    124,
    150,
    100,
    299,
    226,
    100,
    150,
    101,
    100,
    200
  ],
  "no_aug_score": [
    59551.0,
    26900.0,
    21343.0,
    56853.0,
    83509.0,
    21021.0,
    6555.0,
    630.0,
    22449.0,
    30483.0
  ],
  "aug_score": [
    59246.0,
    26523.0,
    21343.0,
    53095.0,
    83495.0,
    20770.0,
    6555.0,
    630.0,
    22248.0,
    29985.0
  ],
  "no_aug_gap": [
    0.8826020667457225,
    2.9468044393417525,
    0.28662719669204023,
    17.97431055591293,
    3.9069790590899474,
    1.3109065497132393,
    0.4136029411764706,
    0.1589825119236884,
    1.7264817835780315,
    3.7966494143285208
  ],
  "aug_gap": [
    0.36591563611722855,
    1.5040183696900113,
    0.28662719669204023,
    10.176173974393558,
    3.8895594072341324,
    0.10120969685286038,
    0.4136029411764706,
    0.1589825119236884,
    0.8156606851549755,
    2.1009261781530917
  ],
  "per_instance": [
    {
      "baseline_no_aug_score": 59551.0,
      "baseline_aug_score": 59246.0,
      "baseline_ms": 426.29027366638184,
      "rerank_enabled": false,
      "two_opt_enabled": false,
      "final_no_aug_score": 59551.0,
      "final_aug_score": 59246.0,
      "instance": "pr124",
      "problem_size": 124,
      "optimal": 59030.0,
      "no_aug_score": 59551.0,
      "aug_score": 59246.0,
      "no_aug_gap": 0.8826020667457225,
      "aug_gap": 0.36591563611722855
    },
    {
      "baseline_no_aug_score": 26900.0,
      "baseline_aug_score": 26523.0,
      "baseline_ms": 126.14893913269043,
      "rerank_enabled": false,
      "two_opt_enabled": false,
      "final_no_aug_score": 26900.0,
      "final_aug_score": 26523.0,
      "instance": "kroB150",
      "problem_size": 150,
      "optimal": 26130.0,
      "no_aug_score": 26900.0,
      "aug_score": 26523.0,
      "no_aug_gap": 2.9468044393417525,
      "aug_gap": 1.5040183696900113
    },
    {
      "baseline_no_aug_score": 21343.0,
      "baseline_aug_score": 21343.0,
      "baseline_ms": 85.21389961242676,
      "rerank_enabled": false,
      "two_opt_enabled": false,
      "final_no_aug_score": 21343.0,
      "final_aug_score": 21343.0,
      "instance": "kroA100",
      "problem_size": 100,
      "optimal": 21282.0,
      "no_aug_score": 21343.0,
      "aug_score": 21343.0,
      "no_aug_gap": 0.28662719669204023,
      "aug_gap": 0.28662719669204023
    },
    {
      "baseline_no_aug_score": 56853.0,
      "baseline_aug_score": 53095.0,
      "baseline_ms": 244.1251277923584,
      "rerank_enabled": false,
      "two_opt_enabled": false,
      "final_no_aug_score": 56853.0,
      "final_aug_score": 53095.0,
      "instance": "pr299",
      "problem_size": 299,
      "optimal": 48191.0,
      "no_aug_score": 56853.0,
      "aug_score": 53095.0,
      "no_aug_gap": 17.97431055591293,
      "aug_gap": 10.176173974393558
    },
    {
      "baseline_no_aug_score": 83509.0,
      "baseline_aug_score": 83495.0,
      "baseline_ms": 182.18755722045898,
      "rerank_enabled": false,
      "two_opt_enabled": false,
      "final_no_aug_score": 83509.0,
      "final_aug_score": 83495.0,
      "instance": "pr226",
      "problem_size": 226,
      "optimal": 80369.0,
      "no_aug_score": 83509.0,
      "aug_score": 83495.0,
      "no_aug_gap": 3.9069790590899474,
      "aug_gap": 3.8895594072341324
    },
    {
      "baseline_no_aug_score": 21021.0,
      "baseline_aug_score": 20770.0,
      "baseline_ms": 83.57381820678711,
      "rerank_enabled": false,
      "two_opt_enabled": false,
      "final_no_aug_score": 21021.0,
      "final_aug_score": 20770.0,
      "instance": "kroC100",
      "problem_size": 100,
      "optimal": 20749.0,
      "no_aug_score": 21021.0,
      "aug_score": 20770.0,
      "no_aug_gap": 1.3109065497132393,
      "aug_gap": 0.10120969685286038
    },
    {
      "baseline_no_aug_score": 6555.0,
      "baseline_aug_score": 6555.0,
      "baseline_ms": 122.09653854370117,
      "rerank_enabled": false,
      "two_opt_enabled": false,
      "final_no_aug_score": 6555.0,
      "final_aug_score": 6555.0,
      "instance": "ch150",
      "problem_size": 150,
      "optimal": 6528.0,
      "no_aug_score": 6555.0,
      "aug_score": 6555.0,
      "no_aug_gap": 0.4136029411764706,
      "aug_gap": 0.4136029411764706
    },
    {
      "baseline_no_aug_score": 630.0,
      "baseline_aug_score": 630.0,
      "baseline_ms": 83.92548561096191,
      "rerank_enabled": false,
      "two_opt_enabled": false,
      "final_no_aug_score": 630.0,
      "final_aug_score": 630.0,
      "instance": "eil101",
      "problem_size": 101,
      "optimal": 629.0,
      "no_aug_score": 630.0,
      "aug_score": 630.0,
      "no_aug_gap": 0.1589825119236884,
      "aug_gap": 0.1589825119236884
    },
    {
      "baseline_no_aug_score": 22449.0,
      "baseline_aug_score": 22248.0,
      "baseline_ms": 82.40413665771484,
      "rerank_enabled": false,
      "two_opt_enabled": false,
      "final_no_aug_score": 22449.0,
      "final_aug_score": 22248.0,
      "instance": "kroE100",
      "problem_size": 100,
      "optimal": 22068.0,
      "no_aug_score": 22449.0,
      "aug_score": 22248.0,
      "no_aug_gap": 1.7264817835780315,
      "aug_gap": 0.8156606851549755
    },
    {
      "baseline_no_aug_score": 30483.0,
      "baseline_aug_score": 29985.0,
      "baseline_ms": 159.5618724822998,
      "rerank_enabled": false,
      "two_opt_enabled": false,
      "final_no_aug_score": 30483.0,
      "final_aug_score": 29985.0,
      "instance": "kroA200",
      "problem_size": 200,
      "optimal": 29368.0,
      "no_aug_score": 30483.0,
      "aug_score": 29985.0,
      "no_aug_gap": 3.7966494143285208,
      "aug_gap": 2.1009261781530917
    }
  ]
}