{
  "interface_version": 1,
  "primary_metric": "avg_aug_gap",
  "primary_metric_value": 1.9732594638085654,
  "avg_aug_gap": 1.9732594638085654,
  "avg_no_aug_gap": 3.192908861464537,
  "augmentation_enable": true,
  "aug_factor": 8,
  "checkpoint_path": "/home/zhaorj/Code/SDM-5031-2026-Spring/TSP/POMO/result/20260424_012038_ft_m2_t29_B/checkpoint-3.pt",
  "data_path": "/home/zhaorj/Code/SDM-5031-2026-Spring/TSP/data/val",
  "solved_instance_num": 10,
  "total_instance_num": 10,
  "instances": [
    "pr124",
    "kroB150",
    "kroA100",
    "pr299",
    "pr226",
    "kroC100",
    "ch150",
    "eil101",
    "kroE100",
    "kroA200"
  ],
  "optimal": [
    59030.0,
    26130.0,
    21282.0,
    48191.0,
    80369.0,
    20749.0,
    6528.0,
    629.0,
    22068.0,
    29368.0
  ],
  "problem_size": [
    124,
    150,
    100,
    299,
    226,
    100,
    150,
    101,
    100,
    200
  ],
  "no_aug_score": [
    59543.0,
    26845.0,
    21432.0,
    56904.0,
    82762.0,
    20875.0,
    6555.0,
    630.0,
    22432.0,
    30464.0
  ],
  "aug_score": [
    59076.0,
    26478.0,
    21396.0,
    53598.0,
    82762.0,
    20770.0,
    6555.0,
    630.0,
    22190.0,
    30062.0
  ],
  "no_aug_gap": [
    0.8690496357784178,
    2.736318407960199,
    0.7048209754722301,
    18.08013944512461,
    2.9775162064975302,
    0.6072581811171622,
    0.4136029411764706,
    0.1589825119236884,
    1.649447163313395,
    3.731953146281667
  ],
  "aug_gap": [
    0.07792647806200237,
    1.3318025258323767,
    0.5356639413588948,
    11.219937332696976,
    2.9775162064975302,
    0.10120969685286038,
    0.4136029411764706,
    0.1589825119236884,
    0.552836686605039,
    2.3631163170798146
  ],
  "per_instance": [
    {
      "baseline_no_aug_score": 59543.0,
      "baseline_aug_score": 59076.0,
      "baseline_ms": 416.5363311767578,
      "rerank_enabled": false,
      "two_opt_enabled": false,
      "final_no_aug_score": 59543.0,
      "final_aug_score": 59076.0,
      "instance": "pr124",
      "problem_size": 124,
      "optimal": 59030.0,
      "no_aug_score": 59543.0,
      "aug_score": 59076.0,
      "no_aug_gap": 0.8690496357784178,
      "aug_gap": 0.07792647806200237
    },
    {
      "baseline_no_aug_score": 26845.0,
      "baseline_aug_score": 26478.0,
      "baseline_ms": 121.70004844665527,
      "rerank_enabled": false,
      "two_opt_enabled": false,
      "final_no_aug_score": 26845.0,
      "final_aug_score": 26478.0,
      "instance": "kroB150",
      "problem_size": 150,
      "optimal": 26130.0,
      "no_aug_score": 26845.0,
      "aug_score": 26478.0,
      "no_aug_gap": 2.736318407960199,
      "aug_gap": 1.3318025258323767
    },
    {
      "baseline_no_aug_score": 21432.0,
      "baseline_aug_score": 21396.0,
      "baseline_ms": 82.40246772766113,
      "rerank_enabled": false,
      "two_opt_enabled": false,
      "final_no_aug_score": 21432.0,
      "final_aug_score": 21396.0,
      "instance": "kroA100",
      "problem_size": 100,
      "optimal": 21282.0,
      "no_aug_score": 21432.0,
      "aug_score": 21396.0,
      "no_aug_gap": 0.7048209754722301,
      "aug_gap": 0.5356639413588948
    },
    {
      "baseline_no_aug_score": 56904.0,
      "baseline_aug_score": 53598.0,
      "baseline_ms": 233.7791919708252,
      "rerank_enabled": false,
      "two_opt_enabled": false,
      "final_no_aug_score": 56904.0,
      "final_aug_score": 53598.0,
      "instance": "pr299",
      "problem_size": 299,
      "optimal": 48191.0,
      "no_aug_score": 56904.0,
      "aug_score": 53598.0,
      "no_aug_gap": 18.08013944512461,
      "aug_gap": 11.219937332696976
    },
    {
      "baseline_no_aug_score": 82762.0,
      "baseline_aug_score": 82762.0,
      "baseline_ms": 176.79214477539062,
      "rerank_enabled": false,
      "two_opt_enabled": false,
      "final_no_aug_score": 82762.0,
      "final_aug_score": 82762.0,
      "instance": "pr226",
      "problem_size": 226,
      "optimal": 80369.0,
      "no_aug_score": 82762.0,
      "aug_score": 82762.0,
      "no_aug_gap": 2.9775162064975302,
      "aug_gap": 2.9775162064975302
    },
    {
      "baseline_no_aug_score": 20875.0,
      "baseline_aug_score": 20770.0,
      "baseline_ms": 80.75404167175293,
      "rerank_enabled": false,
      "two_opt_enabled": false,
      "final_no_aug_score": 20875.0,
      "final_aug_score": 20770.0,
      "instance": "kroC100",
      "problem_size": 100,
      "optimal": 20749.0,
      "no_aug_score": 20875.0,
      "aug_score": 20770.0,
      "no_aug_gap": 0.6072581811171622,
      "aug_gap": 0.10120969685286038
    },
    {
      "baseline_no_aug_score": 6555.0,
      "baseline_aug_score": 6555.0,
      "baseline_ms": 121.51837348937988,
      "rerank_enabled": false,
      "two_opt_enabled": false,
      "final_no_aug_score": 6555.0,
      "final_aug_score": 6555.0,
      "instance": "ch150",
      "problem_size": 150,
      "optimal": 6528.0,
      "no_aug_score": 6555.0,
      "aug_score": 6555.0,
      "no_aug_gap": 0.4136029411764706,
      "aug_gap": 0.4136029411764706
    },
    {
      "baseline_no_aug_score": 630.0,
      "baseline_aug_score": 630.0,
      "baseline_ms": 82.05819129943848,
      "rerank_enabled": false,
      "two_opt_enabled": false,
      "final_no_aug_score": 630.0,
      "final_aug_score": 630.0,
      "instance": "eil101",
      "problem_size": 101,
      "optimal": 629.0,
      "no_aug_score": 630.0,
      "aug_score": 630.0,
      "no_aug_gap": 0.1589825119236884,
      "aug_gap": 0.1589825119236884
    },
    {
      "baseline_no_aug_score": 22432.0,
      "baseline_aug_score": 22190.0,
      "baseline_ms": 80.92570304870605,
      "rerank_enabled": false,
      "two_opt_enabled": false,
      "final_no_aug_score": 22432.0,
      "final_aug_score": 22190.0,
      "instance": "kroE100",
      "problem_size": 100,
      "optimal": 22068.0,
      "no_aug_score": 22432.0,
      "aug_score": 22190.0,
      "no_aug_gap": 1.649447163313395,
      "aug_gap": 0.552836686605039
    },
    {
      "baseline_no_aug_score": 30464.0,
      "baseline_aug_score": 30062.0,
      "baseline_ms": 181.89716339111328,
      "rerank_enabled": false,
      "two_opt_enabled": false,
      "final_no_aug_score": 30464.0,
      "final_aug_score": 30062.0,
      "instance": "kroA200",
      "problem_size": 200,
      "optimal": 29368.0,
      "no_aug_score": 30464.0,
      "aug_score": 30062.0,
      "no_aug_gap": 3.731953146281667,
      "aug_gap": 2.3631163170798146
    }
  ]
}