{
  "interface_version": 1,
  "primary_metric": "avg_aug_gap",
  "primary_metric_value": 1.8765033336923274,
  "avg_aug_gap": 1.8765033336923274,
  "avg_no_aug_gap": 3.2776045235899227,
  "augmentation_enable": true,
  "aug_factor": 8,
  "checkpoint_path": "/home/zhaorj/Code/SDM-5031-2026-Spring/TSP/POMO/result/20260424_011614_ft_m2_t27_B/checkpoint-3.pt",
  "data_path": "/home/zhaorj/Code/SDM-5031-2026-Spring/TSP/data/val",
  "solved_instance_num": 10,
  "total_instance_num": 10,
  "instances": [
    "pr124",
    "kroB150",
    "kroA100",
    "pr299",
    "pr226",
    "kroC100",
    "ch150",
    "eil101",
    "kroE100",
    "kroA200"
  ],
  "optimal": [
    59030.0,
    26130.0,
    21282.0,
    48191.0,
    80369.0,
    20749.0,
    6528.0,
    629.0,
    22068.0,
    29368.0
  ],
  "problem_size": [
    124,
    150,
    100,
    299,
    226,
    100,
    150,
    101,
    100,
    200
  ],
  "no_aug_score": [
    59551.0,
    26880.0,
    21432.0,
    56292.0,
    83494.0,
    21044.0,
    6555.0,
    631.0,
    22432.0,
    30489.0
  ],
  "aug_score": [
    59076.0,
    26487.0,
    21432.0,
    52857.0,
    83487.0,
    20756.0,
    6555.0,
    631.0,
    22259.0,
    29786.0
  ],
  "no_aug_gap": [
    0.8826020667457225,
    2.8702640642939152,
    0.7048209754722301,
    16.810192774584465,
    3.888315146387289,
    1.4217552653139909,
    0.4136029411764706,
    0.3179650238473768,
    1.649447163313395,
    3.8170798147643694
  ],
  "aug_gap": [
    0.07792647806200237,
    1.3662456946039034,
    0.7048209754722301,
    9.68230582473906,
    3.879605320459381,
    0.033736565617620125,
    0.4136029411764706,
    0.3179650238473768,
    0.8655066159144462,
    1.4233178970307818
  ],
  "per_instance": [
    {
      "baseline_no_aug_score": 59551.0,
      "baseline_aug_score": 59076.0,
      "baseline_ms": 406.74281120300293,
      "rerank_enabled": false,
      "two_opt_enabled": false,
      "final_no_aug_score": 59551.0,
      "final_aug_score": 59076.0,
      "instance": "pr124",
      "problem_size": 124,
      "optimal": 59030.0,
      "no_aug_score": 59551.0,
      "aug_score": 59076.0,
      "no_aug_gap": 0.8826020667457225,
      "aug_gap": 0.07792647806200237
    },
    {
      "baseline_no_aug_score": 26880.0,
      "baseline_aug_score": 26487.0,
      "baseline_ms": 120.10574340820312,
      "rerank_enabled": false,
      "two_opt_enabled": false,
      "final_no_aug_score": 26880.0,
      "final_aug_score": 26487.0,
      "instance": "kroB150",
      "problem_size": 150,
      "optimal": 26130.0,
      "no_aug_score": 26880.0,
      "aug_score": 26487.0,
      "no_aug_gap": 2.8702640642939152,
      "aug_gap": 1.3662456946039034
    },
    {
      "baseline_no_aug_score": 21432.0,
      "baseline_aug_score": 21432.0,
      "baseline_ms": 81.4669132232666,
      "rerank_enabled": false,
      "two_opt_enabled": false,
      "final_no_aug_score": 21432.0,
      "final_aug_score": 21432.0,
      "instance": "kroA100",
      "problem_size": 100,
      "optimal": 21282.0,
      "no_aug_score": 21432.0,
      "aug_score": 21432.0,
      "no_aug_gap": 0.7048209754722301,
      "aug_gap": 0.7048209754722301
    },
    {
      "baseline_no_aug_score": 56292.0,
      "baseline_aug_score": 52857.0,
      "baseline_ms": 230.29637336730957,
      "rerank_enabled": false,
      "two_opt_enabled": false,
      "final_no_aug_score": 56292.0,
      "final_aug_score": 52857.0,
      "instance": "pr299",
      "problem_size": 299,
      "optimal": 48191.0,
      "no_aug_score": 56292.0,
      "aug_score": 52857.0,
      "no_aug_gap": 16.810192774584465,
      "aug_gap": 9.68230582473906
    },
    {
      "baseline_no_aug_score": 83494.0,
      "baseline_aug_score": 83487.0,
      "baseline_ms": 174.51214790344238,
      "rerank_enabled": false,
      "two_opt_enabled": false,
      "final_no_aug_score": 83494.0,
      "final_aug_score": 83487.0,
      "instance": "pr226",
      "problem_size": 226,
      "optimal": 80369.0,
      "no_aug_score": 83494.0,
      "aug_score": 83487.0,
      "no_aug_gap": 3.888315146387289,
      "aug_gap": 3.879605320459381
    },
    {
      "baseline_no_aug_score": 21044.0,
      "baseline_aug_score": 20756.0,
      "baseline_ms": 80.8100700378418,
      "rerank_enabled": false,
      "two_opt_enabled": false,
      "final_no_aug_score": 21044.0,
      "final_aug_score": 20756.0,
      "instance": "kroC100",
      "problem_size": 100,
      "optimal": 20749.0,
      "no_aug_score": 21044.0,
      "aug_score": 20756.0,
      "no_aug_gap": 1.4217552653139909,
      "aug_gap": 0.033736565617620125
    },
    {
      "baseline_no_aug_score": 6555.0,
      "baseline_aug_score": 6555.0,
      "baseline_ms": 116.48821830749512,
      "rerank_enabled": false,
      "two_opt_enabled": false,
      "final_no_aug_score": 6555.0,
      "final_aug_score": 6555.0,
      "instance": "ch150",
      "problem_size": 150,
      "optimal": 6528.0,
      "no_aug_score": 6555.0,
      "aug_score": 6555.0,
      "no_aug_gap": 0.4136029411764706,
      "aug_gap": 0.4136029411764706
    },
    {
      "baseline_no_aug_score": 631.0,
      "baseline_aug_score": 631.0,
      "baseline_ms": 84.61403846740723,
      "rerank_enabled": false,
      "two_opt_enabled": false,
      "final_no_aug_score": 631.0,
      "final_aug_score": 631.0,
      "instance": "eil101",
      "problem_size": 101,
      "optimal": 629.0,
      "no_aug_score": 631.0,
      "aug_score": 631.0,
      "no_aug_gap": 0.3179650238473768,
      "aug_gap": 0.3179650238473768
    },
    {
      "baseline_no_aug_score": 22432.0,
      "baseline_aug_score": 22259.0,
      "baseline_ms": 79.67686653137207,
      "rerank_enabled": false,
      "two_opt_enabled": false,
      "final_no_aug_score": 22432.0,
      "final_aug_score": 22259.0,
      "instance": "kroE100",
      "problem_size": 100,
      "optimal": 22068.0,
      "no_aug_score": 22432.0,
      "aug_score": 22259.0,
      "no_aug_gap": 1.649447163313395,
      "aug_gap": 0.8655066159144462
    },
    {
      "baseline_no_aug_score": 30489.0,
      "baseline_aug_score": 29786.0,
      "baseline_ms": 154.51407432556152,
      "rerank_enabled": false,
      "two_opt_enabled": false,
      "final_no_aug_score": 30489.0,
      "final_aug_score": 29786.0,
      "instance": "kroA200",
      "problem_size": 200,
      "optimal": 29368.0,
      "no_aug_score": 30489.0,
      "aug_score": 29786.0,
      "no_aug_gap": 3.8170798147643694,
      "aug_gap": 1.4233178970307818
    }
  ]
}