{
  "interface_version": 1,
  "primary_metric": "avg_aug_gap",
  "primary_metric_value": 2.0011831710150956,
  "avg_aug_gap": 2.0011831710150956,
  "avg_no_aug_gap": 3.4145826034262834,
  "augmentation_enable": true,
  "aug_factor": 8,
  "checkpoint_path": "/home/zhaorj/Code/SDM-5031-2026-Spring/TSP/POMO/result/20260424_003448_ft_m2_t10_A/checkpoint-3.pt",
  "data_path": "/home/zhaorj/Code/SDM-5031-2026-Spring/TSP/data/val",
  "solved_instance_num": 10,
  "total_instance_num": 10,
  "instances": [
    "pr124",
    "kroB150",
    "kroA100",
    "pr299",
    "pr226",
    "kroC100",
    "ch150",
    "eil101",
    "kroE100",
    "kroA200"
  ],
  "optimal": [
    59030.0,
    26130.0,
    21282.0,
    48191.0,
    80369.0,
    20749.0,
    6528.0,
    629.0,
    22068.0,
    29368.0
  ],
  "problem_size": [
    124,
    150,
    100,
    299,
    226,
    100,
    150,
    101,
    100,
    200
  ],
  "no_aug_score": [
    59543.0,
    26859.0,
    21442.0,
    57260.0,
    83279.0,
    21044.0,
    6555.0,
    630.0,
    22403.0,
    30479.0
  ],
  "aug_score": [
    59246.0,
    26355.0,
    21442.0,
    53133.0,
    83279.0,
    20770.0,
    6555.0,
    630.0,
    22328.0,
    30045.0
  ],
  "no_aug_gap": [
    0.8690496357784178,
    2.789896670493685,
    0.7518090405037121,
    18.818866593347305,
    3.620799064315843,
    1.4217552653139909,
    0.4136029411764706,
    0.1589825119236884,
    1.5180351640384266,
    3.7830291473712885
  ],
  "aug_gap": [
    0.36591563611722855,
    0.8610792192881744,
    0.7518090405037121,
    10.255026872237554,
    3.620799064315843,
    0.10120969685286038,
    0.4136029411764706,
    0.1589825119236884,
    1.1781765452238535,
    2.3052301825115773
  ],
  "per_instance": [
    {
      "baseline_no_aug_score": 59543.0,
      "baseline_aug_score": 59246.0,
      "baseline_ms": 418.26605796813965,
      "rerank_enabled": false,
      "two_opt_enabled": false,
      "final_no_aug_score": 59543.0,
      "final_aug_score": 59246.0,
      "instance": "pr124",
      "problem_size": 124,
      "optimal": 59030.0,
      "no_aug_score": 59543.0,
      "aug_score": 59246.0,
      "no_aug_gap": 0.8690496357784178,
      "aug_gap": 0.36591563611722855
    },
    {
      "baseline_no_aug_score": 26859.0,
      "baseline_aug_score": 26355.0,
      "baseline_ms": 134.30213928222656,
      "rerank_enabled": false,
      "two_opt_enabled": false,
      "final_no_aug_score": 26859.0,
      "final_aug_score": 26355.0,
      "instance": "kroB150",
      "problem_size": 150,
      "optimal": 26130.0,
      "no_aug_score": 26859.0,
      "aug_score": 26355.0,
      "no_aug_gap": 2.789896670493685,
      "aug_gap": 0.8610792192881744
    },
    {
      "baseline_no_aug_score": 21442.0,
      "baseline_aug_score": 21442.0,
      "baseline_ms": 86.5626335144043,
      "rerank_enabled": false,
      "two_opt_enabled": false,
      "final_no_aug_score": 21442.0,
      "final_aug_score": 21442.0,
      "instance": "kroA100",
      "problem_size": 100,
      "optimal": 21282.0,
      "no_aug_score": 21442.0,
      "aug_score": 21442.0,
      "no_aug_gap": 0.7518090405037121,
      "aug_gap": 0.7518090405037121
    },
    {
      "baseline_no_aug_score": 57260.0,
      "baseline_aug_score": 53133.0,
      "baseline_ms": 259.14525985717773,
      "rerank_enabled": false,
      "two_opt_enabled": false,
      "final_no_aug_score": 57260.0,
      "final_aug_score": 53133.0,
      "instance": "pr299",
      "problem_size": 299,
      "optimal": 48191.0,
      "no_aug_score": 57260.0,
      "aug_score": 53133.0,
      "no_aug_gap": 18.818866593347305,
      "aug_gap": 10.255026872237554
    },
    {
      "baseline_no_aug_score": 83279.0,
      "baseline_aug_score": 83279.0,
      "baseline_ms": 180.66024780273438,
      "rerank_enabled": false,
      "two_opt_enabled": false,
      "final_no_aug_score": 83279.0,
      "final_aug_score": 83279.0,
      "instance": "pr226",
      "problem_size": 226,
      "optimal": 80369.0,
      "no_aug_score": 83279.0,
      "aug_score": 83279.0,
      "no_aug_gap": 3.620799064315843,
      "aug_gap": 3.620799064315843
    },
    {
      "baseline_no_aug_score": 21044.0,
      "baseline_aug_score": 20770.0,
      "baseline_ms": 81.25042915344238,
      "rerank_enabled": false,
      "two_opt_enabled": false,
      "final_no_aug_score": 21044.0,
      "final_aug_score": 20770.0,
      "instance": "kroC100",
      "problem_size": 100,
      "optimal": 20749.0,
      "no_aug_score": 21044.0,
      "aug_score": 20770.0,
      "no_aug_gap": 1.4217552653139909,
      "aug_gap": 0.10120969685286038
    },
    {
      "baseline_no_aug_score": 6555.0,
      "baseline_aug_score": 6555.0,
      "baseline_ms": 118.6060905456543,
      "rerank_enabled": false,
      "two_opt_enabled": false,
      "final_no_aug_score": 6555.0,
      "final_aug_score": 6555.0,
      "instance": "ch150",
      "problem_size": 150,
      "optimal": 6528.0,
      "no_aug_score": 6555.0,
      "aug_score": 6555.0,
      "no_aug_gap": 0.4136029411764706,
      "aug_gap": 0.4136029411764706
    },
    {
      "baseline_no_aug_score": 630.0,
      "baseline_aug_score": 630.0,
      "baseline_ms": 81.8643569946289,
      "rerank_enabled": false,
      "two_opt_enabled": false,
      "final_no_aug_score": 630.0,
      "final_aug_score": 630.0,
      "instance": "eil101",
      "problem_size": 101,
      "optimal": 629.0,
      "no_aug_score": 630.0,
      "aug_score": 630.0,
      "no_aug_gap": 0.1589825119236884,
      "aug_gap": 0.1589825119236884
    },
    {
      "baseline_no_aug_score": 22403.0,
      "baseline_aug_score": 22328.0,
      "baseline_ms": 80.65438270568848,
      "rerank_enabled": false,
      "two_opt_enabled": false,
      "final_no_aug_score": 22403.0,
      "final_aug_score": 22328.0,
      "instance": "kroE100",
      "problem_size": 100,
      "optimal": 22068.0,
      "no_aug_score": 22403.0,
      "aug_score": 22328.0,
      "no_aug_gap": 1.5180351640384266,
      "aug_gap": 1.1781765452238535
    },
    {
      "baseline_no_aug_score": 30479.0,
      "baseline_aug_score": 30045.0,
      "baseline_ms": 155.60460090637207,
      "rerank_enabled": false,
      "two_opt_enabled": false,
      "final_no_aug_score": 30479.0,
      "final_aug_score": 30045.0,
      "instance": "kroA200",
      "problem_size": 200,
      "optimal": 29368.0,
      "no_aug_score": 30479.0,
      "aug_score": 30045.0,
      "no_aug_gap": 3.7830291473712885,
      "aug_gap": 2.3052301825115773
    }
  ]
}