{
  "interface_version": 1,
  "primary_metric": "avg_aug_gap",
  "primary_metric_value": 1.6252736284392995,
  "avg_aug_gap": 1.6252736284392995,
  "avg_no_aug_gap": 3.196250317336554,
  "augmentation_enable": true,
  "aug_factor": 8,
  "checkpoint_path": "/home/zhaorj/Code/SDM-5031-2026-Spring/TSP/POMO/result/20260424_010354_ft_m2_t22_B/checkpoint-3.pt",
  "data_path": "/home/zhaorj/Code/SDM-5031-2026-Spring/TSP/data/val",
  "solved_instance_num": 10,
  "total_instance_num": 10,
  "instances": [
    "pr124",
    "kroB150",
    "kroA100",
    "pr299",
    "pr226",
    "kroC100",
    "ch150",
    "eil101",
    "kroE100",
    "kroA200"
  ],
  "optimal": [
    59030.0,
    26130.0,
    21282.0,
    48191.0,
    80369.0,
    20749.0,
    6528.0,
    629.0,
    22068.0,
    29368.0
  ],
  "problem_size": [
    124,
    150,
    100,
    299,
    226,
    100,
    150,
    101,
    100,
    200
  ],
  "no_aug_score": [
    59850.0,
    26921.0,
    21432.0,
    56984.0,
    82311.0,
    21038.0,
    6555.0,
    630.0,
    22432.0,
    30121.0
  ],
  "aug_score": [
    59076.0,
    26463.0,
    21396.0,
    52364.0,
    82311.0,
    20799.0,
    6555.0,
    629.0,
    22315.0,
    29813.0
  ],
  "no_aug_gap": [
    1.389124174148738,
    3.0271718331419826,
    0.7048209754722301,
    18.24614554584881,
    2.4163545645709164,
    1.3928382090703166,
    0.4136029411764706,
    0.1589825119236884,
    1.649447163313395,
    2.564015254698992
  ],
  "aug_gap": [
    0.07792647806200237,
    1.2743972445464984,
    0.5356639413588948,
    8.659293229026167,
    2.4163545645709164,
    0.24097546869728662,
    0.4136029411764706,
    0.0,
    1.119267717962661,
    1.5152546989921003
  ],
  "per_instance": [
    {
      "baseline_no_aug_score": 59850.0,
      "baseline_aug_score": 59076.0,
      "baseline_ms": 451.0929584503174,
      "rerank_enabled": false,
      "two_opt_enabled": false,
      "final_no_aug_score": 59850.0,
      "final_aug_score": 59076.0,
      "instance": "pr124",
      "problem_size": 124,
      "optimal": 59030.0,
      "no_aug_score": 59850.0,
      "aug_score": 59076.0,
      "no_aug_gap": 1.389124174148738,
      "aug_gap": 0.07792647806200237
    },
    {
      "baseline_no_aug_score": 26921.0,
      "baseline_aug_score": 26463.0,
      "baseline_ms": 119.49992179870605,
      "rerank_enabled": false,
      "two_opt_enabled": false,
      "final_no_aug_score": 26921.0,
      "final_aug_score": 26463.0,
      "instance": "kroB150",
      "problem_size": 150,
      "optimal": 26130.0,
      "no_aug_score": 26921.0,
      "aug_score": 26463.0,
      "no_aug_gap": 3.0271718331419826,
      "aug_gap": 1.2743972445464984
    },
    {
      "baseline_no_aug_score": 21432.0,
      "baseline_aug_score": 21396.0,
      "baseline_ms": 80.61337471008301,
      "rerank_enabled": false,
      "two_opt_enabled": false,
      "final_no_aug_score": 21432.0,
      "final_aug_score": 21396.0,
      "instance": "kroA100",
      "problem_size": 100,
      "optimal": 21282.0,
      "no_aug_score": 21432.0,
      "aug_score": 21396.0,
      "no_aug_gap": 0.7048209754722301,
      "aug_gap": 0.5356639413588948
    },
    {
      "baseline_no_aug_score": 56984.0,
      "baseline_aug_score": 52364.0,
      "baseline_ms": 235.39042472839355,
      "rerank_enabled": false,
      "two_opt_enabled": false,
      "final_no_aug_score": 56984.0,
      "final_aug_score": 52364.0,
      "instance": "pr299",
      "problem_size": 299,
      "optimal": 48191.0,
      "no_aug_score": 56984.0,
      "aug_score": 52364.0,
      "no_aug_gap": 18.24614554584881,
      "aug_gap": 8.659293229026167
    },
    {
      "baseline_no_aug_score": 82311.0,
      "baseline_aug_score": 82311.0,
      "baseline_ms": 173.31838607788086,
      "rerank_enabled": false,
      "two_opt_enabled": false,
      "final_no_aug_score": 82311.0,
      "final_aug_score": 82311.0,
      "instance": "pr226",
      "problem_size": 226,
      "optimal": 80369.0,
      "no_aug_score": 82311.0,
      "aug_score": 82311.0,
      "no_aug_gap": 2.4163545645709164,
      "aug_gap": 2.4163545645709164
    },
    {
      "baseline_no_aug_score": 21038.0,
      "baseline_aug_score": 20799.0,
      "baseline_ms": 79.82325553894043,
      "rerank_enabled": false,
      "two_opt_enabled": false,
      "final_no_aug_score": 21038.0,
      "final_aug_score": 20799.0,
      "instance": "kroC100",
      "problem_size": 100,
      "optimal": 20749.0,
      "no_aug_score": 21038.0,
      "aug_score": 20799.0,
      "no_aug_gap": 1.3928382090703166,
      "aug_gap": 0.24097546869728662
    },
    {
      "baseline_no_aug_score": 6555.0,
      "baseline_aug_score": 6555.0,
      "baseline_ms": 116.9888973236084,
      "rerank_enabled": false,
      "two_opt_enabled": false,
      "final_no_aug_score": 6555.0,
      "final_aug_score": 6555.0,
      "instance": "ch150",
      "problem_size": 150,
      "optimal": 6528.0,
      "no_aug_score": 6555.0,
      "aug_score": 6555.0,
      "no_aug_gap": 0.4136029411764706,
      "aug_gap": 0.4136029411764706
    },
    {
      "baseline_no_aug_score": 630.0,
      "baseline_aug_score": 629.0,
      "baseline_ms": 81.04753494262695,
      "rerank_enabled": false,
      "two_opt_enabled": false,
      "final_no_aug_score": 630.0,
      "final_aug_score": 629.0,
      "instance": "eil101",
      "problem_size": 101,
      "optimal": 629.0,
      "no_aug_score": 630.0,
      "aug_score": 629.0,
      "no_aug_gap": 0.1589825119236884,
      "aug_gap": 0.0
    },
    {
      "baseline_no_aug_score": 22432.0,
      "baseline_aug_score": 22315.0,
      "baseline_ms": 82.59868621826172,
      "rerank_enabled": false,
      "two_opt_enabled": false,
      "final_no_aug_score": 22432.0,
      "final_aug_score": 22315.0,
      "instance": "kroE100",
      "problem_size": 100,
      "optimal": 22068.0,
      "no_aug_score": 22432.0,
      "aug_score": 22315.0,
      "no_aug_gap": 1.649447163313395,
      "aug_gap": 1.119267717962661
    },
    {
      "baseline_no_aug_score": 30121.0,
      "baseline_aug_score": 29813.0,
      "baseline_ms": 153.88035774230957,
      "rerank_enabled": false,
      "two_opt_enabled": false,
      "final_no_aug_score": 30121.0,
      "final_aug_score": 29813.0,
      "instance": "kroA200",
      "problem_size": 200,
      "optimal": 29368.0,
      "no_aug_score": 30121.0,
      "aug_score": 29813.0,
      "no_aug_gap": 2.564015254698992,
      "aug_gap": 1.5152546989921003
    }
  ]
}