{
  "interface_version": 1,
  "primary_metric": "avg_aug_gap",
  "primary_metric_value": 2.0062803652925885,
  "avg_aug_gap": 2.0062803652925885,
  "avg_no_aug_gap": 3.223825029554026,
  "augmentation_enable": true,
  "aug_factor": 8,
  "checkpoint_path": "/home/zhaorj/Code/SDM-5031-2026-Spring/TSP/POMO/result/20260424_002650_ft_m2_t7_A/checkpoint-3.pt",
  "data_path": "/home/zhaorj/Code/SDM-5031-2026-Spring/TSP/data/val",
  "solved_instance_num": 10,
  "total_instance_num": 10,
  "instances": [
    "pr124",
    "kroB150",
    "kroA100",
    "pr299",
    "pr226",
    "kroC100",
    "ch150",
    "eil101",
    "kroE100",
    "kroA200"
  ],
  "optimal": [
    59030.0,
    26130.0,
    21282.0,
    48191.0,
    80369.0,
    20749.0,
    6528.0,
    629.0,
    22068.0,
    29368.0
  ],
  "problem_size": [
    124,
    150,
    100,
    299,
    226,
    100,
    150,
    101,
    100,
    200
  ],
  "no_aug_score": [
    59543.0,
    27007.0,
    21503.0,
    56063.0,
    83039.0,
    21040.0,
    6558.0,
    630.0,
    22432.0,
    30439.0
  ],
  "aug_score": [
    59076.0,
    26448.0,
    21412.0,
    53774.0,
    83039.0,
    20770.0,
    6558.0,
    630.0,
    22331.0,
    29761.0
  ],
  "no_aug_gap": [
    0.8690496357784178,
    3.3562954458476844,
    1.0384362371957523,
    16.33500031126144,
    3.3221764610732993,
    1.402477227818208,
    0.4595588235294118,
    0.1589825119236884,
    1.649447163313395,
    3.6468264777989647
  ],
  "aug_gap": [
    0.07792647806200237,
    1.2169919632606199,
    0.6108448454092661,
    11.58515075429022,
    3.3221764610732993,
    0.10120969685286038,
    0.4595588235294118,
    0.1589825119236884,
    1.1917708899764365,
    1.3381912285480797
  ],
  "per_instance": [
    {
      "baseline_no_aug_score": 59543.0,
      "baseline_aug_score": 59076.0,
      "baseline_ms": 412.3554229736328,
      "rerank_enabled": false,
      "two_opt_enabled": false,
      "final_no_aug_score": 59543.0,
      "final_aug_score": 59076.0,
      "instance": "pr124",
      "problem_size": 124,
      "optimal": 59030.0,
      "no_aug_score": 59543.0,
      "aug_score": 59076.0,
      "no_aug_gap": 0.8690496357784178,
      "aug_gap": 0.07792647806200237
    },
    {
      "baseline_no_aug_score": 27007.0,
      "baseline_aug_score": 26448.0,
      "baseline_ms": 140.32673835754395,
      "rerank_enabled": false,
      "two_opt_enabled": false,
      "final_no_aug_score": 27007.0,
      "final_aug_score": 26448.0,
      "instance": "kroB150",
      "problem_size": 150,
      "optimal": 26130.0,
      "no_aug_score": 27007.0,
      "aug_score": 26448.0,
      "no_aug_gap": 3.3562954458476844,
      "aug_gap": 1.2169919632606199
    },
    {
      "baseline_no_aug_score": 21503.0,
      "baseline_aug_score": 21412.0,
      "baseline_ms": 79.39767837524414,
      "rerank_enabled": false,
      "two_opt_enabled": false,
      "final_no_aug_score": 21503.0,
      "final_aug_score": 21412.0,
      "instance": "kroA100",
      "problem_size": 100,
      "optimal": 21282.0,
      "no_aug_score": 21503.0,
      "aug_score": 21412.0,
      "no_aug_gap": 1.0384362371957523,
      "aug_gap": 0.6108448454092661
    },
    {
      "baseline_no_aug_score": 56063.0,
      "baseline_aug_score": 53774.0,
      "baseline_ms": 228.19089889526367,
      "rerank_enabled": false,
      "two_opt_enabled": false,
      "final_no_aug_score": 56063.0,
      "final_aug_score": 53774.0,
      "instance": "pr299",
      "problem_size": 299,
      "optimal": 48191.0,
      "no_aug_score": 56063.0,
      "aug_score": 53774.0,
      "no_aug_gap": 16.33500031126144,
      "aug_gap": 11.58515075429022
    },
    {
      "baseline_no_aug_score": 83039.0,
      "baseline_aug_score": 83039.0,
      "baseline_ms": 169.91734504699707,
      "rerank_enabled": false,
      "two_opt_enabled": false,
      "final_no_aug_score": 83039.0,
      "final_aug_score": 83039.0,
      "instance": "pr226",
      "problem_size": 226,
      "optimal": 80369.0,
      "no_aug_score": 83039.0,
      "aug_score": 83039.0,
      "no_aug_gap": 3.3221764610732993,
      "aug_gap": 3.3221764610732993
    },
    {
      "baseline_no_aug_score": 21040.0,
      "baseline_aug_score": 20770.0,
      "baseline_ms": 81.26449584960938,
      "rerank_enabled": false,
      "two_opt_enabled": false,
      "final_no_aug_score": 21040.0,
      "final_aug_score": 20770.0,
      "instance": "kroC100",
      "problem_size": 100,
      "optimal": 20749.0,
      "no_aug_score": 21040.0,
      "aug_score": 20770.0,
      "no_aug_gap": 1.402477227818208,
      "aug_gap": 0.10120969685286038
    },
    {
      "baseline_no_aug_score": 6558.0,
      "baseline_aug_score": 6558.0,
      "baseline_ms": 117.18893051147461,
      "rerank_enabled": false,
      "two_opt_enabled": false,
      "final_no_aug_score": 6558.0,
      "final_aug_score": 6558.0,
      "instance": "ch150",
      "problem_size": 150,
      "optimal": 6528.0,
      "no_aug_score": 6558.0,
      "aug_score": 6558.0,
      "no_aug_gap": 0.4595588235294118,
      "aug_gap": 0.4595588235294118
    },
    {
      "baseline_no_aug_score": 630.0,
      "baseline_aug_score": 630.0,
      "baseline_ms": 78.8125991821289,
      "rerank_enabled": false,
      "two_opt_enabled": false,
      "final_no_aug_score": 630.0,
      "final_aug_score": 630.0,
      "instance": "eil101",
      "problem_size": 101,
      "optimal": 629.0,
      "no_aug_score": 630.0,
      "aug_score": 630.0,
      "no_aug_gap": 0.1589825119236884,
      "aug_gap": 0.1589825119236884
    },
    {
      "baseline_no_aug_score": 22432.0,
      "baseline_aug_score": 22331.0,
      "baseline_ms": 77.90994644165039,
      "rerank_enabled": false,
      "two_opt_enabled": false,
      "final_no_aug_score": 22432.0,
      "final_aug_score": 22331.0,
      "instance": "kroE100",
      "problem_size": 100,
      "optimal": 22068.0,
      "no_aug_score": 22432.0,
      "aug_score": 22331.0,
      "no_aug_gap": 1.649447163313395,
      "aug_gap": 1.1917708899764365
    },
    {
      "baseline_no_aug_score": 30439.0,
      "baseline_aug_score": 29761.0,
      "baseline_ms": 150.40135383605957,
      "rerank_enabled": false,
      "two_opt_enabled": false,
      "final_no_aug_score": 30439.0,
      "final_aug_score": 29761.0,
      "instance": "kroA200",
      "problem_size": 200,
      "optimal": 29368.0,
      "no_aug_score": 30439.0,
      "aug_score": 29761.0,
      "no_aug_gap": 3.6468264777989647,
      "aug_gap": 1.3381912285480797
    }
  ]
}