{
  "interface_version": 1,
  "primary_metric": "avg_aug_gap",
  "primary_metric_value": 2.0246894478785693,
  "avg_aug_gap": 2.0246894478785693,
  "avg_no_aug_gap": 3.4391890922825596,
  "augmentation_enable": true,
  "aug_factor": 8,
  "checkpoint_path": "/home/zhaorj/Code/SDM-5031-2026-Spring/TSP/POMO/result/20260424_004151_ft_m2_t13_A/checkpoint-3.pt",
  "data_path": "/home/zhaorj/Code/SDM-5031-2026-Spring/TSP/data/val",
  "solved_instance_num": 10,
  "total_instance_num": 10,
  "instances": [
    "pr124",
    "kroB150",
    "kroA100",
    "pr299",
    "pr226",
    "kroC100",
    "ch150",
    "eil101",
    "kroE100",
    "kroA200"
  ],
  "optimal": [
    59030.0,
    26130.0,
    21282.0,
    48191.0,
    80369.0,
    20749.0,
    6528.0,
    629.0,
    22068.0,
    29368.0
  ],
  "problem_size": [
    124,
    150,
    100,
    299,
    226,
    100,
    150,
    101,
    100,
    200
  ],
  "no_aug_score": [
    59499.0,
    26832.0,
    21394.0,
    57387.0,
    83435.0,
    21040.0,
    6555.0,
    630.0,
    22403.0,
    30541.0
  ],
  "aug_score": [
    59076.0,
    26462.0,
    21394.0,
    53470.0,
    83405.0,
    20770.0,
    6555.0,
    630.0,
    22259.0,
    29985.0
  ],
  "no_aug_gap": [
    0.7945112654582415,
    2.6865671641791042,
    0.5262663283525985,
    19.082401278246973,
    3.814903756423497,
    1.402477227818208,
    0.4136029411764706,
    0.1589825119236884,
    1.5180351640384266,
    3.9941432852083905
  ],
  "aug_gap": [
    0.07792647806200237,
    1.2705702257941063,
    0.5262663283525985,
    10.954327571538254,
    3.7775759310181787,
    0.10120969685286038,
    0.4136029411764706,
    0.1589825119236884,
    0.8655066159144462,
    2.1009261781530917
  ],
  "per_instance": [
    {
      "baseline_no_aug_score": 59499.0,
      "baseline_aug_score": 59076.0,
      "baseline_ms": 415.2636528015137,
      "rerank_enabled": false,
      "two_opt_enabled": false,
      "final_no_aug_score": 59499.0,
      "final_aug_score": 59076.0,
      "instance": "pr124",
      "problem_size": 124,
      "optimal": 59030.0,
      "no_aug_score": 59499.0,
      "aug_score": 59076.0,
      "no_aug_gap": 0.7945112654582415,
      "aug_gap": 0.07792647806200237
    },
    {
      "baseline_no_aug_score": 26832.0,
      "baseline_aug_score": 26462.0,
      "baseline_ms": 120.85962295532227,
      "rerank_enabled": false,
      "two_opt_enabled": false,
      "final_no_aug_score": 26832.0,
      "final_aug_score": 26462.0,
      "instance": "kroB150",
      "problem_size": 150,
      "optimal": 26130.0,
      "no_aug_score": 26832.0,
      "aug_score": 26462.0,
      "no_aug_gap": 2.6865671641791042,
      "aug_gap": 1.2705702257941063
    },
    {
      "baseline_no_aug_score": 21394.0,
      "baseline_aug_score": 21394.0,
      "baseline_ms": 81.55083656311035,
      "rerank_enabled": false,
      "two_opt_enabled": false,
      "final_no_aug_score": 21394.0,
      "final_aug_score": 21394.0,
      "instance": "kroA100",
      "problem_size": 100,
      "optimal": 21282.0,
      "no_aug_score": 21394.0,
      "aug_score": 21394.0,
      "no_aug_gap": 0.5262663283525985,
      "aug_gap": 0.5262663283525985
    },
    {
      "baseline_no_aug_score": 57387.0,
      "baseline_aug_score": 53470.0,
      "baseline_ms": 232.16605186462402,
      "rerank_enabled": false,
      "two_opt_enabled": false,
      "final_no_aug_score": 57387.0,
      "final_aug_score": 53470.0,
      "instance": "pr299",
      "problem_size": 299,
      "optimal": 48191.0,
      "no_aug_score": 57387.0,
      "aug_score": 53470.0,
      "no_aug_gap": 19.082401278246973,
      "aug_gap": 10.954327571538254
    },
    {
      "baseline_no_aug_score": 83435.0,
      "baseline_aug_score": 83405.0,
      "baseline_ms": 174.2572784423828,
      "rerank_enabled": false,
      "two_opt_enabled": false,
      "final_no_aug_score": 83435.0,
      "final_aug_score": 83405.0,
      "instance": "pr226",
      "problem_size": 226,
      "optimal": 80369.0,
      "no_aug_score": 83435.0,
      "aug_score": 83405.0,
      "no_aug_gap": 3.814903756423497,
      "aug_gap": 3.7775759310181787
    },
    {
      "baseline_no_aug_score": 21040.0,
      "baseline_aug_score": 20770.0,
      "baseline_ms": 80.39116859436035,
      "rerank_enabled": false,
      "two_opt_enabled": false,
      "final_no_aug_score": 21040.0,
      "final_aug_score": 20770.0,
      "instance": "kroC100",
      "problem_size": 100,
      "optimal": 20749.0,
      "no_aug_score": 21040.0,
      "aug_score": 20770.0,
      "no_aug_gap": 1.402477227818208,
      "aug_gap": 0.10120969685286038
    },
    {
      "baseline_no_aug_score": 6555.0,
      "baseline_aug_score": 6555.0,
      "baseline_ms": 118.02339553833008,
      "rerank_enabled": false,
      "two_opt_enabled": false,
      "final_no_aug_score": 6555.0,
      "final_aug_score": 6555.0,
      "instance": "ch150",
      "problem_size": 150,
      "optimal": 6528.0,
      "no_aug_score": 6555.0,
      "aug_score": 6555.0,
      "no_aug_gap": 0.4136029411764706,
      "aug_gap": 0.4136029411764706
    },
    {
      "baseline_no_aug_score": 630.0,
      "baseline_aug_score": 630.0,
      "baseline_ms": 81.29119873046875,
      "rerank_enabled": false,
      "two_opt_enabled": false,
      "final_no_aug_score": 630.0,
      "final_aug_score": 630.0,
      "instance": "eil101",
      "problem_size": 101,
      "optimal": 629.0,
      "no_aug_score": 630.0,
      "aug_score": 630.0,
      "no_aug_gap": 0.1589825119236884,
      "aug_gap": 0.1589825119236884
    },
    {
      "baseline_no_aug_score": 22403.0,
      "baseline_aug_score": 22259.0,
      "baseline_ms": 80.06501197814941,
      "rerank_enabled": false,
      "two_opt_enabled": false,
      "final_no_aug_score": 22403.0,
      "final_aug_score": 22259.0,
      "instance": "kroE100",
      "problem_size": 100,
      "optimal": 22068.0,
      "no_aug_score": 22403.0,
      "aug_score": 22259.0,
      "no_aug_gap": 1.5180351640384266,
      "aug_gap": 0.8655066159144462
    },
    {
      "baseline_no_aug_score": 30541.0,
      "baseline_aug_score": 29985.0,
      "baseline_ms": 154.55889701843262,
      "rerank_enabled": false,
      "two_opt_enabled": false,
      "final_no_aug_score": 30541.0,
      "final_aug_score": 29985.0,
      "instance": "kroA200",
      "problem_size": 200,
      "optimal": 29368.0,
      "no_aug_score": 30541.0,
      "aug_score": 29985.0,
      "no_aug_gap": 3.9941432852083905,
      "aug_gap": 2.1009261781530917
    }
  ]
}