{
  "interface_version": 1,
  "primary_metric": "avg_aug_gap",
  "primary_metric_value": 1.6553943583311734,
  "avg_aug_gap": 1.6553943583311734,
  "avg_no_aug_gap": 2.7906838964225784,
  "augmentation_enable": true,
  "aug_factor": 8,
  "checkpoint_path": "/home/zhaorj/Code/SDM-5031-2026-Spring/TSP/POMO/result/20260424_005316_ft_m2_t18_B/checkpoint-3.pt",
  "data_path": "/home/zhaorj/Code/SDM-5031-2026-Spring/TSP/data/val",
  "solved_instance_num": 10,
  "total_instance_num": 10,
  "instances": [
    "pr124",
    "kroB150",
    "kroA100",
    "pr299",
    "pr226",
    "kroC100",
    "ch150",
    "eil101",
    "kroE100",
    "kroA200"
  ],
  "optimal": [
    59030.0,
    26130.0,
    21282.0,
    48191.0,
    80369.0,
    20749.0,
    6528.0,
    629.0,
    22068.0,
    29368.0
  ],
  "problem_size": [
    124,
    150,
    100,
    299,
    226,
    100,
    150,
    101,
    100,
    200
  ],
  "no_aug_score": [
    59351.0,
    27032.0,
    21432.0,
    55339.0,
    82746.0,
    20873.0,
    6558.0,
    630.0,
    22432.0,
    30117.0
  ],
  "aug_score": [
    59076.0,
    26349.0,
    21386.0,
    52821.0,
    82675.0,
    20754.0,
    6558.0,
    630.0,
    22165.0,
    29835.0
  ],
  "no_aug_gap": [
    0.5437912925631035,
    3.4519709146574815,
    0.7048209754722301,
    14.832645099707415,
    2.957608032948027,
    0.5976191623692708,
    0.4595588235294118,
    0.1589825119236884,
    1.649447163313395,
    2.5503949877417598
  ],
  "aug_gap": [
    0.07792647806200237,
    0.8381171067738231,
    0.48867587632741283,
    9.607603079413169,
    2.869265512822108,
    0.02409754686972866,
    0.4595588235294118,
    0.1589825119236884,
    0.43955048033351457,
    1.5901661672568783
  ],
  "per_instance": [
    {
      "baseline_no_aug_score": 59351.0,
      "baseline_aug_score": 59076.0,
      "baseline_ms": 398.6358642578125,
      "rerank_enabled": false,
      "two_opt_enabled": false,
      "final_no_aug_score": 59351.0,
      "final_aug_score": 59076.0,
      "instance": "pr124",
      "problem_size": 124,
      "optimal": 59030.0,
      "no_aug_score": 59351.0,
      "aug_score": 59076.0,
      "no_aug_gap": 0.5437912925631035,
      "aug_gap": 0.07792647806200237
    },
    {
      "baseline_no_aug_score": 27032.0,
      "baseline_aug_score": 26349.0,
      "baseline_ms": 118.56532096862793,
      "rerank_enabled": false,
      "two_opt_enabled": false,
      "final_no_aug_score": 27032.0,
      "final_aug_score": 26349.0,
      "instance": "kroB150",
      "problem_size": 150,
      "optimal": 26130.0,
      "no_aug_score": 27032.0,
      "aug_score": 26349.0,
      "no_aug_gap": 3.4519709146574815,
      "aug_gap": 0.8381171067738231
    },
    {
      "baseline_no_aug_score": 21432.0,
      "baseline_aug_score": 21386.0,
      "baseline_ms": 79.60367202758789,
      "rerank_enabled": false,
      "two_opt_enabled": false,
      "final_no_aug_score": 21432.0,
      "final_aug_score": 21386.0,
      "instance": "kroA100",
      "problem_size": 100,
      "optimal": 21282.0,
      "no_aug_score": 21432.0,
      "aug_score": 21386.0,
      "no_aug_gap": 0.7048209754722301,
      "aug_gap": 0.48867587632741283
    },
    {
      "baseline_no_aug_score": 55339.0,
      "baseline_aug_score": 52821.0,
      "baseline_ms": 227.2946834564209,
      "rerank_enabled": false,
      "two_opt_enabled": false,
      "final_no_aug_score": 55339.0,
      "final_aug_score": 52821.0,
      "instance": "pr299",
      "problem_size": 299,
      "optimal": 48191.0,
      "no_aug_score": 55339.0,
      "aug_score": 52821.0,
      "no_aug_gap": 14.832645099707415,
      "aug_gap": 9.607603079413169
    },
    {
      "baseline_no_aug_score": 82746.0,
      "baseline_aug_score": 82675.0,
      "baseline_ms": 170.99761962890625,
      "rerank_enabled": false,
      "two_opt_enabled": false,
      "final_no_aug_score": 82746.0,
      "final_aug_score": 82675.0,
      "instance": "pr226",
      "problem_size": 226,
      "optimal": 80369.0,
      "no_aug_score": 82746.0,
      "aug_score": 82675.0,
      "no_aug_gap": 2.957608032948027,
      "aug_gap": 2.869265512822108
    },
    {
      "baseline_no_aug_score": 20873.0,
      "baseline_aug_score": 20754.0,
      "baseline_ms": 78.53984832763672,
      "rerank_enabled": false,
      "two_opt_enabled": false,
      "final_no_aug_score": 20873.0,
      "final_aug_score": 20754.0,
      "instance": "kroC100",
      "problem_size": 100,
      "optimal": 20749.0,
      "no_aug_score": 20873.0,
      "aug_score": 20754.0,
      "no_aug_gap": 0.5976191623692708,
      "aug_gap": 0.02409754686972866
    },
    {
      "baseline_no_aug_score": 6558.0,
      "baseline_aug_score": 6558.0,
      "baseline_ms": 118.28804016113281,
      "rerank_enabled": false,
      "two_opt_enabled": false,
      "final_no_aug_score": 6558.0,
      "final_aug_score": 6558.0,
      "instance": "ch150",
      "problem_size": 150,
      "optimal": 6528.0,
      "no_aug_score": 6558.0,
      "aug_score": 6558.0,
      "no_aug_gap": 0.4595588235294118,
      "aug_gap": 0.4595588235294118
    },
    {
      "baseline_no_aug_score": 630.0,
      "baseline_aug_score": 630.0,
      "baseline_ms": 79.6816349029541,
      "rerank_enabled": false,
      "two_opt_enabled": false,
      "final_no_aug_score": 630.0,
      "final_aug_score": 630.0,
      "instance": "eil101",
      "problem_size": 101,
      "optimal": 629.0,
      "no_aug_score": 630.0,
      "aug_score": 630.0,
      "no_aug_gap": 0.1589825119236884,
      "aug_gap": 0.1589825119236884
    },
    {
      "baseline_no_aug_score": 22432.0,
      "baseline_aug_score": 22165.0,
      "baseline_ms": 78.21321487426758,
      "rerank_enabled": false,
      "two_opt_enabled": false,
      "final_no_aug_score": 22432.0,
      "final_aug_score": 22165.0,
      "instance": "kroE100",
      "problem_size": 100,
      "optimal": 22068.0,
      "no_aug_score": 22432.0,
      "aug_score": 22165.0,
      "no_aug_gap": 1.649447163313395,
      "aug_gap": 0.43955048033351457
    },
    {
      "baseline_no_aug_score": 30117.0,
      "baseline_aug_score": 29835.0,
      "baseline_ms": 151.60584449768066,
      "rerank_enabled": false,
      "two_opt_enabled": false,
      "final_no_aug_score": 30117.0,
      "final_aug_score": 29835.0,
      "instance": "kroA200",
      "problem_size": 200,
      "optimal": 29368.0,
      "no_aug_score": 30117.0,
      "aug_score": 29835.0,
      "no_aug_gap": 2.5503949877417598,
      "aug_gap": 1.5901661672568783
    }
  ]
}