{
  "interface_version": 1,
  "primary_metric": "avg_aug_gap",
  "primary_metric_value": 1.8779490150248925,
  "avg_aug_gap": 1.8779490150248925,
  "avg_no_aug_gap": 3.594423837914877,
  "augmentation_enable": true,
  "aug_factor": 8,
  "checkpoint_path": "/home/zhaorj/Code/SDM-5031-2026-Spring/TSP/POMO/result/20260424_002929_ft_m2_t8_A/checkpoint-3.pt",
  "data_path": "/home/zhaorj/Code/SDM-5031-2026-Spring/TSP/data/val",
  "solved_instance_num": 10,
  "total_instance_num": 10,
  "instances": [
    "pr124",
    "kroB150",
    "kroA100",
    "pr299",
    "pr226",
    "kroC100",
    "ch150",
    "eil101",
    "kroE100",
    "kroA200"
  ],
  "optimal": [
    59030.0,
    26130.0,
    21282.0,
    48191.0,
    80369.0,
    20749.0,
    6528.0,
    629.0,
    22068.0,
    29368.0
  ],
  "problem_size": [
    124,
    150,
    100,
    299,
    226,
    100,
    150,
    101,
    100,
    200
  ],
  "no_aug_score": [
    59543.0,
    26908.0,
    21478.0,
    57877.0,
    83242.0,
    21039.0,
    6555.0,
    630.0,
    22403.0,
    30547.0
  ],
  "aug_score": [
    59246.0,
    26338.0,
    21380.0,
    52811.0,
    83242.0,
    20799.0,
    6555.0,
    630.0,
    22281.0,
    30019.0
  ],
  "no_aug_gap": [
    0.8690496357784178,
    2.977420589360888,
    0.9209660746170473,
    20.09918864518271,
    3.5747614129826175,
    1.3976577184442622,
    0.4136029411764706,
    0.1589825119236884,
    1.5180351640384266,
    4.014573685644239
  ],
  "aug_gap": [
    0.36591563611722855,
    0.7960199004975124,
    0.46048303730852364,
    9.586852316822643,
    3.5747614129826175,
    0.24097546869728662,
    0.4136029411764706,
    0.1589825119236884,
    0.9651984774333877,
    2.2166984472895668
  ],
  "per_instance": [
    {
      "baseline_no_aug_score": 59543.0,
      "baseline_aug_score": 59246.0,
      "baseline_ms": 425.6322383880615,
      "rerank_enabled": false,
      "two_opt_enabled": false,
      "final_no_aug_score": 59543.0,
      "final_aug_score": 59246.0,
      "instance": "pr124",
      "problem_size": 124,
      "optimal": 59030.0,
      "no_aug_score": 59543.0,
      "aug_score": 59246.0,
      "no_aug_gap": 0.8690496357784178,
      "aug_gap": 0.36591563611722855
    },
    {
      "baseline_no_aug_score": 26908.0,
      "baseline_aug_score": 26338.0,
      "baseline_ms": 126.79266929626465,
      "rerank_enabled": false,
      "two_opt_enabled": false,
      "final_no_aug_score": 26908.0,
      "final_aug_score": 26338.0,
      "instance": "kroB150",
      "problem_size": 150,
      "optimal": 26130.0,
      "no_aug_score": 26908.0,
      "aug_score": 26338.0,
      "no_aug_gap": 2.977420589360888,
      "aug_gap": 0.7960199004975124
    },
    {
      "baseline_no_aug_score": 21478.0,
      "baseline_aug_score": 21380.0,
      "baseline_ms": 85.36744117736816,
      "rerank_enabled": false,
      "two_opt_enabled": false,
      "final_no_aug_score": 21478.0,
      "final_aug_score": 21380.0,
      "instance": "kroA100",
      "problem_size": 100,
      "optimal": 21282.0,
      "no_aug_score": 21478.0,
      "aug_score": 21380.0,
      "no_aug_gap": 0.9209660746170473,
      "aug_gap": 0.46048303730852364
    },
    {
      "baseline_no_aug_score": 57877.0,
      "baseline_aug_score": 52811.0,
      "baseline_ms": 233.23917388916016,
      "rerank_enabled": false,
      "two_opt_enabled": false,
      "final_no_aug_score": 57877.0,
      "final_aug_score": 52811.0,
      "instance": "pr299",
      "problem_size": 299,
      "optimal": 48191.0,
      "no_aug_score": 57877.0,
      "aug_score": 52811.0,
      "no_aug_gap": 20.09918864518271,
      "aug_gap": 9.586852316822643
    },
    {
      "baseline_no_aug_score": 83242.0,
      "baseline_aug_score": 83242.0,
      "baseline_ms": 173.67029190063477,
      "rerank_enabled": false,
      "two_opt_enabled": false,
      "final_no_aug_score": 83242.0,
      "final_aug_score": 83242.0,
      "instance": "pr226",
      "problem_size": 226,
      "optimal": 80369.0,
      "no_aug_score": 83242.0,
      "aug_score": 83242.0,
      "no_aug_gap": 3.5747614129826175,
      "aug_gap": 3.5747614129826175
    },
    {
      "baseline_no_aug_score": 21039.0,
      "baseline_aug_score": 20799.0,
      "baseline_ms": 80.02805709838867,
      "rerank_enabled": false,
      "two_opt_enabled": false,
      "final_no_aug_score": 21039.0,
      "final_aug_score": 20799.0,
      "instance": "kroC100",
      "problem_size": 100,
      "optimal": 20749.0,
      "no_aug_score": 21039.0,
      "aug_score": 20799.0,
      "no_aug_gap": 1.3976577184442622,
      "aug_gap": 0.24097546869728662
    },
    {
      "baseline_no_aug_score": 6555.0,
      "baseline_aug_score": 6555.0,
      "baseline_ms": 116.76621437072754,
      "rerank_enabled": false,
      "two_opt_enabled": false,
      "final_no_aug_score": 6555.0,
      "final_aug_score": 6555.0,
      "instance": "ch150",
      "problem_size": 150,
      "optimal": 6528.0,
      "no_aug_score": 6555.0,
      "aug_score": 6555.0,
      "no_aug_gap": 0.4136029411764706,
      "aug_gap": 0.4136029411764706
    },
    {
      "baseline_no_aug_score": 630.0,
      "baseline_aug_score": 630.0,
      "baseline_ms": 80.69157600402832,
      "rerank_enabled": false,
      "two_opt_enabled": false,
      "final_no_aug_score": 630.0,
      "final_aug_score": 630.0,
      "instance": "eil101",
      "problem_size": 101,
      "optimal": 629.0,
      "no_aug_score": 630.0,
      "aug_score": 630.0,
      "no_aug_gap": 0.1589825119236884,
      "aug_gap": 0.1589825119236884
    },
    {
      "baseline_no_aug_score": 22403.0,
      "baseline_aug_score": 22281.0,
      "baseline_ms": 82.79275894165039,
      "rerank_enabled": false,
      "two_opt_enabled": false,
      "final_no_aug_score": 22403.0,
      "final_aug_score": 22281.0,
      "instance": "kroE100",
      "problem_size": 100,
      "optimal": 22068.0,
      "no_aug_score": 22403.0,
      "aug_score": 22281.0,
      "no_aug_gap": 1.5180351640384266,
      "aug_gap": 0.9651984774333877
    },
    {
      "baseline_no_aug_score": 30547.0,
      "baseline_aug_score": 30019.0,
      "baseline_ms": 153.80454063415527,
      "rerank_enabled": false,
      "two_opt_enabled": false,
      "final_no_aug_score": 30547.0,
      "final_aug_score": 30019.0,
      "instance": "kroA200",
      "problem_size": 200,
      "optimal": 29368.0,
      "no_aug_score": 30547.0,
      "aug_score": 30019.0,
      "no_aug_gap": 4.014573685644239,
      "aug_gap": 2.2166984472895668
    }
  ]
}