{
  "interface_version": 1,
  "primary_metric": "avg_aug_gap",
  "primary_metric_value": 1.6336375305335278,
  "avg_aug_gap": 1.6336375305335278,
  "avg_no_aug_gap": 2.6250943027522835,
  "augmentation_enable": true,
  "aug_factor": 8,
  "checkpoint_path": "/home/zhaorj/Code/SDM-5031-2026-Spring/TSP/POMO/result/20260424_005039_ft_m2_t17_B/checkpoint-3.pt",
  "data_path": "/home/zhaorj/Code/SDM-5031-2026-Spring/TSP/data/val",
  "solved_instance_num": 10,
  "total_instance_num": 10,
  "instances": [
    "pr124",
    "kroB150",
    "kroA100",
    "pr299",
    "pr226",
    "kroC100",
    "ch150",
    "eil101",
    "kroE100",
    "kroA200"
  ],
  "optimal": [
    59030.0,
    26130.0,
    21282.0,
    48191.0,
    80369.0,
    20749.0,
    6528.0,
    629.0,
    22068.0,
    29368.0
  ],
  "problem_size": [
    124,
    150,
    100,
    299,
    226,
    100,
    150,
    101,
    100,
    200
  ],
  "no_aug_score": [
    59702.0,
    26843.0,
    21432.0,
    55024.0,
    82131.0,
    21038.0,
    6555.0,
    630.0,
    22245.0,
    30114.0
  ],
  "aug_score": [
    59076.0,
    26391.0,
    21412.0,
    52539.0,
    82131.0,
    20799.0,
    6555.0,
    630.0,
    22245.0,
    29902.0
  ],
  "no_aug_gap": [
    1.1384042012536,
    2.7286643704554154,
    0.7048209754722301,
    14.178996078105872,
    2.192387612139009,
    1.3928382090703166,
    0.4136029411764706,
    0.1589825119236884,
    0.8020663404023927,
    2.540179787523835
  ],
  "aug_gap": [
    0.07792647806200237,
    0.9988518943742823,
    0.6108448454092661,
    9.022431574360358,
    2.192387612139009,
    0.24097546869728662,
    0.4136029411764706,
    0.1589825119236884,
    0.8020663404023927,
    1.8183056387905203
  ],
  "per_instance": [
    {
      "baseline_no_aug_score": 59702.0,
      "baseline_aug_score": 59076.0,
      "baseline_ms": 405.3149223327637,
      "rerank_enabled": false,
      "two_opt_enabled": false,
      "final_no_aug_score": 59702.0,
      "final_aug_score": 59076.0,
      "instance": "pr124",
      "problem_size": 124,
      "optimal": 59030.0,
      "no_aug_score": 59702.0,
      "aug_score": 59076.0,
      "no_aug_gap": 1.1384042012536,
      "aug_gap": 0.07792647806200237
    },
    {
      "baseline_no_aug_score": 26843.0,
      "baseline_aug_score": 26391.0,
      "baseline_ms": 120.27955055236816,
      "rerank_enabled": false,
      "two_opt_enabled": false,
      "final_no_aug_score": 26843.0,
      "final_aug_score": 26391.0,
      "instance": "kroB150",
      "problem_size": 150,
      "optimal": 26130.0,
      "no_aug_score": 26843.0,
      "aug_score": 26391.0,
      "no_aug_gap": 2.7286643704554154,
      "aug_gap": 0.9988518943742823
    },
    {
      "baseline_no_aug_score": 21432.0,
      "baseline_aug_score": 21412.0,
      "baseline_ms": 80.98149299621582,
      "rerank_enabled": false,
      "two_opt_enabled": false,
      "final_no_aug_score": 21432.0,
      "final_aug_score": 21412.0,
      "instance": "kroA100",
      "problem_size": 100,
      "optimal": 21282.0,
      "no_aug_score": 21432.0,
      "aug_score": 21412.0,
      "no_aug_gap": 0.7048209754722301,
      "aug_gap": 0.6108448454092661
    },
    {
      "baseline_no_aug_score": 55024.0,
      "baseline_aug_score": 52539.0,
      "baseline_ms": 231.0025691986084,
      "rerank_enabled": false,
      "two_opt_enabled": false,
      "final_no_aug_score": 55024.0,
      "final_aug_score": 52539.0,
      "instance": "pr299",
      "problem_size": 299,
      "optimal": 48191.0,
      "no_aug_score": 55024.0,
      "aug_score": 52539.0,
      "no_aug_gap": 14.178996078105872,
      "aug_gap": 9.022431574360358
    },
    {
      "baseline_no_aug_score": 82131.0,
      "baseline_aug_score": 82131.0,
      "baseline_ms": 174.31640625,
      "rerank_enabled": false,
      "two_opt_enabled": false,
      "final_no_aug_score": 82131.0,
      "final_aug_score": 82131.0,
      "instance": "pr226",
      "problem_size": 226,
      "optimal": 80369.0,
      "no_aug_score": 82131.0,
      "aug_score": 82131.0,
      "no_aug_gap": 2.192387612139009,
      "aug_gap": 2.192387612139009
    },
    {
      "baseline_no_aug_score": 21038.0,
      "baseline_aug_score": 20799.0,
      "baseline_ms": 80.13629913330078,
      "rerank_enabled": false,
      "two_opt_enabled": false,
      "final_no_aug_score": 21038.0,
      "final_aug_score": 20799.0,
      "instance": "kroC100",
      "problem_size": 100,
      "optimal": 20749.0,
      "no_aug_score": 21038.0,
      "aug_score": 20799.0,
      "no_aug_gap": 1.3928382090703166,
      "aug_gap": 0.24097546869728662
    },
    {
      "baseline_no_aug_score": 6555.0,
      "baseline_aug_score": 6555.0,
      "baseline_ms": 117.55681037902832,
      "rerank_enabled": false,
      "two_opt_enabled": false,
      "final_no_aug_score": 6555.0,
      "final_aug_score": 6555.0,
      "instance": "ch150",
      "problem_size": 150,
      "optimal": 6528.0,
      "no_aug_score": 6555.0,
      "aug_score": 6555.0,
      "no_aug_gap": 0.4136029411764706,
      "aug_gap": 0.4136029411764706
    },
    {
      "baseline_no_aug_score": 630.0,
      "baseline_aug_score": 630.0,
      "baseline_ms": 81.2828540802002,
      "rerank_enabled": false,
      "two_opt_enabled": false,
      "final_no_aug_score": 630.0,
      "final_aug_score": 630.0,
      "instance": "eil101",
      "problem_size": 101,
      "optimal": 629.0,
      "no_aug_score": 630.0,
      "aug_score": 630.0,
      "no_aug_gap": 0.1589825119236884,
      "aug_gap": 0.1589825119236884
    },
    {
      "baseline_no_aug_score": 22245.0,
      "baseline_aug_score": 22245.0,
      "baseline_ms": 83.02068710327148,
      "rerank_enabled": false,
      "two_opt_enabled": false,
      "final_no_aug_score": 22245.0,
      "final_aug_score": 22245.0,
      "instance": "kroE100",
      "problem_size": 100,
      "optimal": 22068.0,
      "no_aug_score": 22245.0,
      "aug_score": 22245.0,
      "no_aug_gap": 0.8020663404023927,
      "aug_gap": 0.8020663404023927
    },
    {
      "baseline_no_aug_score": 30114.0,
      "baseline_aug_score": 29902.0,
      "baseline_ms": 154.34575080871582,
      "rerank_enabled": false,
      "two_opt_enabled": false,
      "final_no_aug_score": 30114.0,
      "final_aug_score": 29902.0,
      "instance": "kroA200",
      "problem_size": 200,
      "optimal": 29368.0,
      "no_aug_score": 30114.0,
      "aug_score": 29902.0,
      "no_aug_gap": 2.540179787523835,
      "aug_gap": 1.8183056387905203
    }
  ]
}