{
  "interface_version": 1,
  "primary_metric": "avg_aug_gap",
  "primary_metric_value": 1.824138637628947,
  "avg_aug_gap": 1.824138637628947,
  "avg_no_aug_gap": 3.3398979328684275,
  "augmentation_enable": true,
  "aug_factor": 8,
  "checkpoint_path": "/home/zhaorj/Code/SDM-5031-2026-Spring/TSP/POMO/result/20260424_001151_ft_m2_t1_A/checkpoint-3.pt",
  "data_path": "/home/zhaorj/Code/SDM-5031-2026-Spring/TSP/data/val",
  "solved_instance_num": 10,
  "total_instance_num": 10,
  "instances": [
    "pr124",
    "kroB150",
    "kroA100",
    "pr299",
    "pr226",
    "kroC100",
    "ch150",
    "eil101",
    "kroE100",
    "kroA200"
  ],
  "optimal": [
    59030.0,
    26130.0,
    21282.0,
    48191.0,
    80369.0,
    20749.0,
    6528.0,
    629.0,
    22068.0,
    29368.0
  ],
  "problem_size": [
    124,
    150,
    100,
    299,
    226,
    100,
    150,
    101,
    100,
    200
  ],
  "no_aug_score": [
    59543.0,
    26901.0,
    21417.0,
    57224.0,
    83112.0,
    21039.0,
    6555.0,
    630.0,
    22403.0,
    30337.0
  ],
  "aug_score": [
    59076.0,
    26294.0,
    21412.0,
    53076.0,
    83112.0,
    20770.0,
    6555.0,
    630.0,
    22190.0,
    29999.0
  ],
  "no_aug_gap": [
    0.8690496357784178,
    2.950631458094145,
    0.6343388779250071,
    18.744163848021415,
    3.4130075028929063,
    1.3976577184442622,
    0.4136029411764706,
    0.1589825119236884,
    1.5180351640384266,
    3.2995096703895395
  ],
  "aug_gap": [
    0.07792647806200237,
    0.6276310753922695,
    0.6108448454092661,
    10.136747525471561,
    3.4130075028929063,
    0.10120969685286038,
    0.4136029411764706,
    0.1589825119236884,
    0.552836686605039,
    2.1485971125034053
  ],
  "per_instance": [
    {
      "baseline_no_aug_score": 59543.0,
      "baseline_aug_score": 59076.0,
      "baseline_ms": 405.55834770202637,
      "rerank_enabled": false,
      "two_opt_enabled": false,
      "final_no_aug_score": 59543.0,
      "final_aug_score": 59076.0,
      "instance": "pr124",
      "problem_size": 124,
      "optimal": 59030.0,
      "no_aug_score": 59543.0,
      "aug_score": 59076.0,
      "no_aug_gap": 0.8690496357784178,
      "aug_gap": 0.07792647806200237
    },
    {
      "baseline_no_aug_score": 26901.0,
      "baseline_aug_score": 26294.0,
      "baseline_ms": 122.4370002746582,
      "rerank_enabled": false,
      "two_opt_enabled": false,
      "final_no_aug_score": 26901.0,
      "final_aug_score": 26294.0,
      "instance": "kroB150",
      "problem_size": 150,
      "optimal": 26130.0,
      "no_aug_score": 26901.0,
      "aug_score": 26294.0,
      "no_aug_gap": 2.950631458094145,
      "aug_gap": 0.6276310753922695
    },
    {
      "baseline_no_aug_score": 21417.0,
      "baseline_aug_score": 21412.0,
      "baseline_ms": 82.51142501831055,
      "rerank_enabled": false,
      "two_opt_enabled": false,
      "final_no_aug_score": 21417.0,
      "final_aug_score": 21412.0,
      "instance": "kroA100",
      "problem_size": 100,
      "optimal": 21282.0,
      "no_aug_score": 21417.0,
      "aug_score": 21412.0,
      "no_aug_gap": 0.6343388779250071,
      "aug_gap": 0.6108448454092661
    },
    {
      "baseline_no_aug_score": 57224.0,
      "baseline_aug_score": 53076.0,
      "baseline_ms": 234.6487045288086,
      "rerank_enabled": false,
      "two_opt_enabled": false,
      "final_no_aug_score": 57224.0,
      "final_aug_score": 53076.0,
      "instance": "pr299",
      "problem_size": 299,
      "optimal": 48191.0,
      "no_aug_score": 57224.0,
      "aug_score": 53076.0,
      "no_aug_gap": 18.744163848021415,
      "aug_gap": 10.136747525471561
    },
    {
      "baseline_no_aug_score": 83112.0,
      "baseline_aug_score": 83112.0,
      "baseline_ms": 177.37746238708496,
      "rerank_enabled": false,
      "two_opt_enabled": false,
      "final_no_aug_score": 83112.0,
      "final_aug_score": 83112.0,
      "instance": "pr226",
      "problem_size": 226,
      "optimal": 80369.0,
      "no_aug_score": 83112.0,
      "aug_score": 83112.0,
      "no_aug_gap": 3.4130075028929063,
      "aug_gap": 3.4130075028929063
    },
    {
      "baseline_no_aug_score": 21039.0,
      "baseline_aug_score": 20770.0,
      "baseline_ms": 84.25498008728027,
      "rerank_enabled": false,
      "two_opt_enabled": false,
      "final_no_aug_score": 21039.0,
      "final_aug_score": 20770.0,
      "instance": "kroC100",
      "problem_size": 100,
      "optimal": 20749.0,
      "no_aug_score": 21039.0,
      "aug_score": 20770.0,
      "no_aug_gap": 1.3976577184442622,
      "aug_gap": 0.10120969685286038
    },
    {
      "baseline_no_aug_score": 6555.0,
      "baseline_aug_score": 6555.0,
      "baseline_ms": 118.73030662536621,
      "rerank_enabled": false,
      "two_opt_enabled": false,
      "final_no_aug_score": 6555.0,
      "final_aug_score": 6555.0,
      "instance": "ch150",
      "problem_size": 150,
      "optimal": 6528.0,
      "no_aug_score": 6555.0,
      "aug_score": 6555.0,
      "no_aug_gap": 0.4136029411764706,
      "aug_gap": 0.4136029411764706
    },
    {
      "baseline_no_aug_score": 630.0,
      "baseline_aug_score": 630.0,
      "baseline_ms": 81.81643486022949,
      "rerank_enabled": false,
      "two_opt_enabled": false,
      "final_no_aug_score": 630.0,
      "final_aug_score": 630.0,
      "instance": "eil101",
      "problem_size": 101,
      "optimal": 629.0,
      "no_aug_score": 630.0,
      "aug_score": 630.0,
      "no_aug_gap": 0.1589825119236884,
      "aug_gap": 0.1589825119236884
    },
    {
      "baseline_no_aug_score": 22403.0,
      "baseline_aug_score": 22190.0,
      "baseline_ms": 80.65271377563477,
      "rerank_enabled": false,
      "two_opt_enabled": false,
      "final_no_aug_score": 22403.0,
      "final_aug_score": 22190.0,
      "instance": "kroE100",
      "problem_size": 100,
      "optimal": 22068.0,
      "no_aug_score": 22403.0,
      "aug_score": 22190.0,
      "no_aug_gap": 1.5180351640384266,
      "aug_gap": 0.552836686605039
    },
    {
      "baseline_no_aug_score": 30337.0,
      "baseline_aug_score": 29999.0,
      "baseline_ms": 156.2061309814453,
      "rerank_enabled": false,
      "two_opt_enabled": false,
      "final_no_aug_score": 30337.0,
      "final_aug_score": 29999.0,
      "instance": "kroA200",
      "problem_size": 200,
      "optimal": 29368.0,
      "no_aug_score": 30337.0,
      "aug_score": 29999.0,
      "no_aug_gap": 3.2995096703895395,
      "aug_gap": 2.1485971125034053
    }
  ]
}