{
  "interface_version": 1,
  "primary_metric": "avg_aug_gap",
  "primary_metric_value": 1.4243540610250716,
  "avg_aug_gap": 1.4243540610250716,
  "avg_no_aug_gap": 3.2323516466070172,
  "augmentation_enable": true,
  "aug_factor": 8,
  "checkpoint_path": "/home/zhaorj/Code/SDM-5031-2026-Spring/TSP/POMO/result/20260424_005835_ft_m2_t20_B/checkpoint-3.pt",
  "data_path": "/home/zhaorj/Code/SDM-5031-2026-Spring/TSP/data/val",
  "solved_instance_num": 10,
  "total_instance_num": 10,
  "instances": [
    "pr124",
    "kroB150",
    "kroA100",
    "pr299",
    "pr226",
    "kroC100",
    "ch150",
    "eil101",
    "kroE100",
    "kroA200"
  ],
  "optimal": [
    59030.0,
    26130.0,
    21282.0,
    48191.0,
    80369.0,
    20749.0,
    6528.0,
    629.0,
    22068.0,
    29368.0
  ],
  "problem_size": [
    124,
    150,
    100,
    299,
    226,
    100,
    150,
    101,
    100,
    200
  ],
  "no_aug_score": [
    59819.0,
    26965.0,
    21432.0,
    56910.0,
    83151.0,
    20944.0,
    6554.0,
    631.0,
    22302.0,
    30195.0
  ],
  "aug_score": [
    59076.0,
    26442.0,
    21394.0,
    51327.0,
    82388.0,
    20749.0,
    6554.0,
    630.0,
    22302.0,
    29899.0
  ],
  "no_aug_gap": [
    1.336608504150432,
    3.1955606582472256,
    0.7048209754722301,
    18.092589902678924,
    3.46153367591982,
    0.9398043279194178,
    0.39828431372549017,
    0.3179650238473768,
    1.0603588907014683,
    2.8159901934077904
  ],
  "aug_gap": [
    0.07792647806200237,
    1.1940298507462688,
    0.5262663283525985,
    6.507439148388704,
    2.512162649777899,
    0.0,
    0.39828431372549017,
    0.1589825119236884,
    1.0603588907014683,
    1.808090438572596
  ],
  "per_instance": [
    {
      "baseline_no_aug_score": 59819.0,
      "baseline_aug_score": 59076.0,
      "baseline_ms": 414.92247581481934,
      "rerank_enabled": false,
      "two_opt_enabled": false,
      "final_no_aug_score": 59819.0,
      "final_aug_score": 59076.0,
      "instance": "pr124",
      "problem_size": 124,
      "optimal": 59030.0,
      "no_aug_score": 59819.0,
      "aug_score": 59076.0,
      "no_aug_gap": 1.336608504150432,
      "aug_gap": 0.07792647806200237
    },
    {
      "baseline_no_aug_score": 26965.0,
      "baseline_aug_score": 26442.0,
      "baseline_ms": 121.40393257141113,
      "rerank_enabled": false,
      "two_opt_enabled": false,
      "final_no_aug_score": 26965.0,
      "final_aug_score": 26442.0,
      "instance": "kroB150",
      "problem_size": 150,
      "optimal": 26130.0,
      "no_aug_score": 26965.0,
      "aug_score": 26442.0,
      "no_aug_gap": 3.1955606582472256,
      "aug_gap": 1.1940298507462688
    },
    {
      "baseline_no_aug_score": 21432.0,
      "baseline_aug_score": 21394.0,
      "baseline_ms": 82.41558074951172,
      "rerank_enabled": false,
      "two_opt_enabled": false,
      "final_no_aug_score": 21432.0,
      "final_aug_score": 21394.0,
      "instance": "kroA100",
      "problem_size": 100,
      "optimal": 21282.0,
      "no_aug_score": 21432.0,
      "aug_score": 21394.0,
      "no_aug_gap": 0.7048209754722301,
      "aug_gap": 0.5262663283525985
    },
    {
      "baseline_no_aug_score": 56910.0,
      "baseline_aug_score": 51327.0,
      "baseline_ms": 237.3960018157959,
      "rerank_enabled": false,
      "two_opt_enabled": false,
      "final_no_aug_score": 56910.0,
      "final_aug_score": 51327.0,
      "instance": "pr299",
      "problem_size": 299,
      "optimal": 48191.0,
      "no_aug_score": 56910.0,
      "aug_score": 51327.0,
      "no_aug_gap": 18.092589902678924,
      "aug_gap": 6.507439148388704
    },
    {
      "baseline_no_aug_score": 83151.0,
      "baseline_aug_score": 82388.0,
      "baseline_ms": 176.97405815124512,
      "rerank_enabled": false,
      "two_opt_enabled": false,
      "final_no_aug_score": 83151.0,
      "final_aug_score": 82388.0,
      "instance": "pr226",
      "problem_size": 226,
      "optimal": 80369.0,
      "no_aug_score": 83151.0,
      "aug_score": 82388.0,
      "no_aug_gap": 3.46153367591982,
      "aug_gap": 2.512162649777899
    },
    {
      "baseline_no_aug_score": 20944.0,
      "baseline_aug_score": 20749.0,
      "baseline_ms": 81.53629302978516,
      "rerank_enabled": false,
      "two_opt_enabled": false,
      "final_no_aug_score": 20944.0,
      "final_aug_score": 20749.0,
      "instance": "kroC100",
      "problem_size": 100,
      "optimal": 20749.0,
      "no_aug_score": 20944.0,
      "aug_score": 20749.0,
      "no_aug_gap": 0.9398043279194178,
      "aug_gap": 0.0
    },
    {
      "baseline_no_aug_score": 6554.0,
      "baseline_aug_score": 6554.0,
      "baseline_ms": 123.15177917480469,
      "rerank_enabled": false,
      "two_opt_enabled": false,
      "final_no_aug_score": 6554.0,
      "final_aug_score": 6554.0,
      "instance": "ch150",
      "problem_size": 150,
      "optimal": 6528.0,
      "no_aug_score": 6554.0,
      "aug_score": 6554.0,
      "no_aug_gap": 0.39828431372549017,
      "aug_gap": 0.39828431372549017
    },
    {
      "baseline_no_aug_score": 631.0,
      "baseline_aug_score": 630.0,
      "baseline_ms": 83.1444263458252,
      "rerank_enabled": false,
      "two_opt_enabled": false,
      "final_no_aug_score": 631.0,
      "final_aug_score": 630.0,
      "instance": "eil101",
      "problem_size": 101,
      "optimal": 629.0,
      "no_aug_score": 631.0,
      "aug_score": 630.0,
      "no_aug_gap": 0.3179650238473768,
      "aug_gap": 0.1589825119236884
    },
    {
      "baseline_no_aug_score": 22302.0,
      "baseline_aug_score": 22302.0,
      "baseline_ms": 81.29668235778809,
      "rerank_enabled": false,
      "two_opt_enabled": false,
      "final_no_aug_score": 22302.0,
      "final_aug_score": 22302.0,
      "instance": "kroE100",
      "problem_size": 100,
      "optimal": 22068.0,
      "no_aug_score": 22302.0,
      "aug_score": 22302.0,
      "no_aug_gap": 1.0603588907014683,
      "aug_gap": 1.0603588907014683
    },
    {
      "baseline_no_aug_score": 30195.0,
      "baseline_aug_score": 29899.0,
      "baseline_ms": 156.64911270141602,
      "rerank_enabled": false,
      "two_opt_enabled": false,
      "final_no_aug_score": 30195.0,
      "final_aug_score": 29899.0,
      "instance": "kroA200",
      "problem_size": 200,
      "optimal": 29368.0,
      "no_aug_score": 30195.0,
      "aug_score": 29899.0,
      "no_aug_gap": 2.8159901934077904,
      "aug_gap": 1.808090438572596
    }
  ]
}