{
  "interface_version": 1,
  "primary_metric": "avg_aug_gap",
  "primary_metric_value": 1.9755092090569941,
  "avg_aug_gap": 1.9755092090569941,
  "avg_no_aug_gap": 3.3688564645702144,
  "augmentation_enable": true,
  "aug_factor": 8,
  "checkpoint_path": "/home/zhaorj/Code/SDM-5031-2026-Spring/TSP/POMO/result/20260424_002228_ft_m2_t5_A/checkpoint-3.pt",
  "data_path": "/home/zhaorj/Code/SDM-5031-2026-Spring/TSP/data/val",
  "solved_instance_num": 10,
  "total_instance_num": 10,
  "instances": [
    "pr124",
    "kroB150",
    "kroA100",
    "pr299",
    "pr226",
    "kroC100",
    "ch150",
    "eil101",
    "kroE100",
    "kroA200"
  ],
  "optimal": [
    59030.0,
    26130.0,
    21282.0,
    48191.0,
    80369.0,
    20749.0,
    6528.0,
    629.0,
    22068.0,
    29368.0
  ],
  "problem_size": [
    124,
    150,
    100,
    299,
    226,
    100,
    150,
    101,
    100,
    200
  ],
  "no_aug_score": [
    59551.0,
    26858.0,
    21442.0,
    56992.0,
    83036.0,
    21044.0,
    6554.0,
    630.0,
    22480.0,
    30496.0
  ],
  "aug_score": [
    59076.0,
    26361.0,
    21394.0,
    53359.0,
    83036.0,
    20770.0,
    6554.0,
    630.0,
    22365.0,
    30020.0
  ],
  "no_aug_gap": [
    0.8826020667457225,
    2.7860696517412937,
    0.7518090405037121,
    18.26274615592123,
    3.3184436785327676,
    1.4217552653139909,
    0.39828431372549017,
    0.1589825119236884,
    1.8669566793547216,
    3.8409152819395262
  ],
  "aug_gap": [
    0.07792647806200237,
    0.8840413318025259,
    0.5262663283525985,
    10.723994106783424,
    3.3184436785327676,
    0.10120969685286038,
    0.39828431372549017,
    0.1589825119236884,
    1.3458401305057095,
    2.220103514028875
  ],
  "per_instance": [
    {
      "baseline_no_aug_score": 59551.0,
      "baseline_aug_score": 59076.0,
      "baseline_ms": 413.18416595458984,
      "rerank_enabled": false,
      "two_opt_enabled": false,
      "final_no_aug_score": 59551.0,
      "final_aug_score": 59076.0,
      "instance": "pr124",
      "problem_size": 124,
      "optimal": 59030.0,
      "no_aug_score": 59551.0,
      "aug_score": 59076.0,
      "no_aug_gap": 0.8826020667457225,
      "aug_gap": 0.07792647806200237
    },
    {
      "baseline_no_aug_score": 26858.0,
      "baseline_aug_score": 26361.0,
      "baseline_ms": 121.17767333984375,
      "rerank_enabled": false,
      "two_opt_enabled": false,
      "final_no_aug_score": 26858.0,
      "final_aug_score": 26361.0,
      "instance": "kroB150",
      "problem_size": 150,
      "optimal": 26130.0,
      "no_aug_score": 26858.0,
      "aug_score": 26361.0,
      "no_aug_gap": 2.7860696517412937,
      "aug_gap": 0.8840413318025259
    },
    {
      "baseline_no_aug_score": 21442.0,
      "baseline_aug_score": 21394.0,
      "baseline_ms": 80.89947700500488,
      "rerank_enabled": false,
      "two_opt_enabled": false,
      "final_no_aug_score": 21442.0,
      "final_aug_score": 21394.0,
      "instance": "kroA100",
      "problem_size": 100,
      "optimal": 21282.0,
      "no_aug_score": 21442.0,
      "aug_score": 21394.0,
      "no_aug_gap": 0.7518090405037121,
      "aug_gap": 0.5262663283525985
    },
    {
      "baseline_no_aug_score": 56992.0,
      "baseline_aug_score": 53359.0,
      "baseline_ms": 234.70449447631836,
      "rerank_enabled": false,
      "two_opt_enabled": false,
      "final_no_aug_score": 56992.0,
      "final_aug_score": 53359.0,
      "instance": "pr299",
      "problem_size": 299,
      "optimal": 48191.0,
      "no_aug_score": 56992.0,
      "aug_score": 53359.0,
      "no_aug_gap": 18.26274615592123,
      "aug_gap": 10.723994106783424
    },
    {
      "baseline_no_aug_score": 83036.0,
      "baseline_aug_score": 83036.0,
      "baseline_ms": 175.15063285827637,
      "rerank_enabled": false,
      "two_opt_enabled": false,
      "final_no_aug_score": 83036.0,
      "final_aug_score": 83036.0,
      "instance": "pr226",
      "problem_size": 226,
      "optimal": 80369.0,
      "no_aug_score": 83036.0,
      "aug_score": 83036.0,
      "no_aug_gap": 3.3184436785327676,
      "aug_gap": 3.3184436785327676
    },
    {
      "baseline_no_aug_score": 21044.0,
      "baseline_aug_score": 20770.0,
      "baseline_ms": 80.15012741088867,
      "rerank_enabled": false,
      "two_opt_enabled": false,
      "final_no_aug_score": 21044.0,
      "final_aug_score": 20770.0,
      "instance": "kroC100",
      "problem_size": 100,
      "optimal": 20749.0,
      "no_aug_score": 21044.0,
      "aug_score": 20770.0,
      "no_aug_gap": 1.4217552653139909,
      "aug_gap": 0.10120969685286038
    },
    {
      "baseline_no_aug_score": 6554.0,
      "baseline_aug_score": 6554.0,
      "baseline_ms": 116.62840843200684,
      "rerank_enabled": false,
      "two_opt_enabled": false,
      "final_no_aug_score": 6554.0,
      "final_aug_score": 6554.0,
      "instance": "ch150",
      "problem_size": 150,
      "optimal": 6528.0,
      "no_aug_score": 6554.0,
      "aug_score": 6554.0,
      "no_aug_gap": 0.39828431372549017,
      "aug_gap": 0.39828431372549017
    },
    {
      "baseline_no_aug_score": 630.0,
      "baseline_aug_score": 630.0,
      "baseline_ms": 81.56013488769531,
      "rerank_enabled": false,
      "two_opt_enabled": false,
      "final_no_aug_score": 630.0,
      "final_aug_score": 630.0,
      "instance": "eil101",
      "problem_size": 101,
      "optimal": 629.0,
      "no_aug_score": 630.0,
      "aug_score": 630.0,
      "no_aug_gap": 0.1589825119236884,
      "aug_gap": 0.1589825119236884
    },
    {
      "baseline_no_aug_score": 22480.0,
      "baseline_aug_score": 22365.0,
      "baseline_ms": 80.07526397705078,
      "rerank_enabled": false,
      "two_opt_enabled": false,
      "final_no_aug_score": 22480.0,
      "final_aug_score": 22365.0,
      "instance": "kroE100",
      "problem_size": 100,
      "optimal": 22068.0,
      "no_aug_score": 22480.0,
      "aug_score": 22365.0,
      "no_aug_gap": 1.8669566793547216,
      "aug_gap": 1.3458401305057095
    },
    {
      "baseline_no_aug_score": 30496.0,
      "baseline_aug_score": 30020.0,
      "baseline_ms": 152.98724174499512,
      "rerank_enabled": false,
      "two_opt_enabled": false,
      "final_no_aug_score": 30496.0,
      "final_aug_score": 30020.0,
      "instance": "kroA200",
      "problem_size": 200,
      "optimal": 29368.0,
      "no_aug_score": 30496.0,
      "aug_score": 30020.0,
      "no_aug_gap": 3.8409152819395262,
      "aug_gap": 2.220103514028875
    }
  ]
}