{
  "interface_version": 1,
  "primary_metric": "avg_aug_gap",
  "primary_metric_value": 1.9780340640332033,
  "avg_aug_gap": 1.9780340640332033,
  "avg_no_aug_gap": 3.250782731613537,
  "augmentation_enable": true,
  "aug_factor": 8,
  "checkpoint_path": "/home/zhaorj/Code/SDM-5031-2026-Spring/TSP/POMO/result/20260424_012742_ft_m2_t32_B/checkpoint-3.pt",
  "data_path": "/home/zhaorj/Code/SDM-5031-2026-Spring/TSP/data/val",
  "solved_instance_num": 10,
  "total_instance_num": 10,
  "instances": [
    "pr124",
    "kroB150",
    "kroA100",
    "pr299",
    "pr226",
    "kroC100",
    "ch150",
    "eil101",
    "kroE100",
    "kroA200"
  ],
  "optimal": [
    59030.0,
    26130.0,
    21282.0,
    48191.0,
    80369.0,
    20749.0,
    6528.0,
    629.0,
    22068.0,
    29368.0
  ],
  "problem_size": [
    124,
    150,
    100,
    299,
    226,
    100,
    150,
    101,
    100,
    200
  ],
  "no_aug_score": [
    59246.0,
    26889.0,
    21481.0,
    57349.0,
    82974.0,
    20875.0,
    6555.0,
    630.0,
    22432.0,
    30316.0
  ],
  "aug_score": [
    59246.0,
    26440.0,
    21382.0,
    53842.0,
    82974.0,
    20770.0,
    6555.0,
    629.0,
    22190.0,
    29874.0
  ],
  "no_aug_gap": [
    0.36591563611722855,
    2.904707233065442,
    0.9350624941264919,
    19.00354838040298,
    3.2412995060284437,
    0.6072581811171622,
    0.4136029411764706,
    0.1589825119236884,
    1.649447163313395,
    3.22800326886407
  ],
  "aug_gap": [
    0.36591563611722855,
    1.1863758132414848,
    0.46988065031482,
    11.72625593990579,
    3.2412995060284437,
    0.10120969685286038,
    0.4136029411764706,
    0.0,
    0.552836686605039,
    1.7229637700898939
  ],
  "per_instance": [
    {
      "baseline_no_aug_score": 59246.0,
      "baseline_aug_score": 59246.0,
      "baseline_ms": 537.8718376159668,
      "rerank_enabled": false,
      "two_opt_enabled": false,
      "final_no_aug_score": 59246.0,
      "final_aug_score": 59246.0,
      "instance": "pr124",
      "problem_size": 124,
      "optimal": 59030.0,
      "no_aug_score": 59246.0,
      "aug_score": 59246.0,
      "no_aug_gap": 0.36591563611722855,
      "aug_gap": 0.36591563611722855
    },
    {
      "baseline_no_aug_score": 26889.0,
      "baseline_aug_score": 26440.0,
      "baseline_ms": 121.32787704467773,
      "rerank_enabled": false,
      "two_opt_enabled": false,
      "final_no_aug_score": 26889.0,
      "final_aug_score": 26440.0,
      "instance": "kroB150",
      "problem_size": 150,
      "optimal": 26130.0,
      "no_aug_score": 26889.0,
      "aug_score": 26440.0,
      "no_aug_gap": 2.904707233065442,
      "aug_gap": 1.1863758132414848
    },
    {
      "baseline_no_aug_score": 21481.0,
      "baseline_aug_score": 21382.0,
      "baseline_ms": 81.86697959899902,
      "rerank_enabled": false,
      "two_opt_enabled": false,
      "final_no_aug_score": 21481.0,
      "final_aug_score": 21382.0,
      "instance": "kroA100",
      "problem_size": 100,
      "optimal": 21282.0,
      "no_aug_score": 21481.0,
      "aug_score": 21382.0,
      "no_aug_gap": 0.9350624941264919,
      "aug_gap": 0.46988065031482
    },
    {
      "baseline_no_aug_score": 57349.0,
      "baseline_aug_score": 53842.0,
      "baseline_ms": 232.61189460754395,
      "rerank_enabled": false,
      "two_opt_enabled": false,
      "final_no_aug_score": 57349.0,
      "final_aug_score": 53842.0,
      "instance": "pr299",
      "problem_size": 299,
      "optimal": 48191.0,
      "no_aug_score": 57349.0,
      "aug_score": 53842.0,
      "no_aug_gap": 19.00354838040298,
      "aug_gap": 11.72625593990579
    },
    {
      "baseline_no_aug_score": 82974.0,
      "baseline_aug_score": 82974.0,
      "baseline_ms": 175.89044570922852,
      "rerank_enabled": false,
      "two_opt_enabled": false,
      "final_no_aug_score": 82974.0,
      "final_aug_score": 82974.0,
      "instance": "pr226",
      "problem_size": 226,
      "optimal": 80369.0,
      "no_aug_score": 82974.0,
      "aug_score": 82974.0,
      "no_aug_gap": 3.2412995060284437,
      "aug_gap": 3.2412995060284437
    },
    {
      "baseline_no_aug_score": 20875.0,
      "baseline_aug_score": 20770.0,
      "baseline_ms": 81.69674873352051,
      "rerank_enabled": false,
      "two_opt_enabled": false,
      "final_no_aug_score": 20875.0,
      "final_aug_score": 20770.0,
      "instance": "kroC100",
      "problem_size": 100,
      "optimal": 20749.0,
      "no_aug_score": 20875.0,
      "aug_score": 20770.0,
      "no_aug_gap": 0.6072581811171622,
      "aug_gap": 0.10120969685286038
    },
    {
      "baseline_no_aug_score": 6555.0,
      "baseline_aug_score": 6555.0,
      "baseline_ms": 147.63879776000977,
      "rerank_enabled": false,
      "two_opt_enabled": false,
      "final_no_aug_score": 6555.0,
      "final_aug_score": 6555.0,
      "instance": "ch150",
      "problem_size": 150,
      "optimal": 6528.0,
      "no_aug_score": 6555.0,
      "aug_score": 6555.0,
      "no_aug_gap": 0.4136029411764706,
      "aug_gap": 0.4136029411764706
    },
    {
      "baseline_no_aug_score": 630.0,
      "baseline_aug_score": 629.0,
      "baseline_ms": 83.79888534545898,
      "rerank_enabled": false,
      "two_opt_enabled": false,
      "final_no_aug_score": 630.0,
      "final_aug_score": 629.0,
      "instance": "eil101",
      "problem_size": 101,
      "optimal": 629.0,
      "no_aug_score": 630.0,
      "aug_score": 629.0,
      "no_aug_gap": 0.1589825119236884,
      "aug_gap": 0.0
    },
    {
      "baseline_no_aug_score": 22432.0,
      "baseline_aug_score": 22190.0,
      "baseline_ms": 80.77716827392578,
      "rerank_enabled": false,
      "two_opt_enabled": false,
      "final_no_aug_score": 22432.0,
      "final_aug_score": 22190.0,
      "instance": "kroE100",
      "problem_size": 100,
      "optimal": 22068.0,
      "no_aug_score": 22432.0,
      "aug_score": 22190.0,
      "no_aug_gap": 1.649447163313395,
      "aug_gap": 0.552836686605039
    },
    {
      "baseline_no_aug_score": 30316.0,
      "baseline_aug_score": 29874.0,
      "baseline_ms": 165.27080535888672,
      "rerank_enabled": false,
      "two_opt_enabled": false,
      "final_no_aug_score": 30316.0,
      "final_aug_score": 29874.0,
      "instance": "kroA200",
      "problem_size": 200,
      "optimal": 29368.0,
      "no_aug_score": 30316.0,
      "aug_score": 29874.0,
      "no_aug_gap": 3.22800326886407,
      "aug_gap": 1.7229637700898939
    }
  ]
}