{
  "interface_version": 1,
  "primary_metric": "avg_aug_gap",
  "primary_metric_value": 1.9137421645645034,
  "avg_aug_gap": 1.9137421645645034,
  "avg_no_aug_gap": 3.5145245681814345,
  "augmentation_enable": true,
  "aug_factor": 8,
  "checkpoint_path": "/home/zhaorj/Code/SDM-5031-2026-Spring/TSP/POMO/result/20260424_011056_ft_m2_t25_B/checkpoint-3.pt",
  "data_path": "/home/zhaorj/Code/SDM-5031-2026-Spring/TSP/data/val",
  "solved_instance_num": 10,
  "total_instance_num": 10,
  "instances": [
    "pr124",
    "kroB150",
    "kroA100",
    "pr299",
    "pr226",
    "kroC100",
    "ch150",
    "eil101",
    "kroE100",
    "kroA200"
  ],
  "optimal": [
    59030.0,
    26130.0,
    21282.0,
    48191.0,
    80369.0,
    20749.0,
    6528.0,
    629.0,
    22068.0,
    29368.0
  ],
  "problem_size": [
    124,
    150,
    100,
    299,
    226,
    100,
    150,
    101,
    100,
    200
  ],
  "no_aug_score": [
    59393.0,
    26996.0,
    21432.0,
    57161.0,
    83758.0,
    21062.0,
    6558.0,
    631.0,
    22432.0,
    30468.0
  ],
  "aug_score": [
    59246.0,
    26431.0,
    21382.0,
    53338.0,
    83483.0,
    20754.0,
    6558.0,
    630.0,
    22226.0,
    29731.0
  ],
  "no_aug_gap": [
    0.6149415551414534,
    3.314198239571374,
    0.7048209754722301,
    18.613434043701105,
    4.2168000099540865,
    1.5085064340450143,
    0.4595588235294118,
    0.3179650238473768,
    1.649447163313395,
    3.7455734132388994
  ],
  "aug_gap": [
    0.36591563611722855,
    1.1519326444699578,
    0.46988065031482,
    10.680417505343321,
    3.8746282770720057,
    0.02409754686972866,
    0.4595588235294118,
    0.1589825119236884,
    0.7159688236360341,
    1.2360392263688367
  ],
  "per_instance": [
    {
      "baseline_no_aug_score": 59393.0,
      "baseline_aug_score": 59246.0,
      "baseline_ms": 410.0022315979004,
      "rerank_enabled": false,
      "two_opt_enabled": false,
      "final_no_aug_score": 59393.0,
      "final_aug_score": 59246.0,
      "instance": "pr124",
      "problem_size": 124,
      "optimal": 59030.0,
      "no_aug_score": 59393.0,
      "aug_score": 59246.0,
      "no_aug_gap": 0.6149415551414534,
      "aug_gap": 0.36591563611722855
    },
    {
      "baseline_no_aug_score": 26996.0,
      "baseline_aug_score": 26431.0,
      "baseline_ms": 121.42372131347656,
      "rerank_enabled": false,
      "two_opt_enabled": false,
      "final_no_aug_score": 26996.0,
      "final_aug_score": 26431.0,
      "instance": "kroB150",
      "problem_size": 150,
      "optimal": 26130.0,
      "no_aug_score": 26996.0,
      "aug_score": 26431.0,
      "no_aug_gap": 3.314198239571374,
      "aug_gap": 1.1519326444699578
    },
    {
      "baseline_no_aug_score": 21432.0,
      "baseline_aug_score": 21382.0,
      "baseline_ms": 82.20076560974121,
      "rerank_enabled": false,
      "two_opt_enabled": false,
      "final_no_aug_score": 21432.0,
      "final_aug_score": 21382.0,
      "instance": "kroA100",
      "problem_size": 100,
      "optimal": 21282.0,
      "no_aug_score": 21432.0,
      "aug_score": 21382.0,
      "no_aug_gap": 0.7048209754722301,
      "aug_gap": 0.46988065031482
    },
    {
      "baseline_no_aug_score": 57161.0,
      "baseline_aug_score": 53338.0,
      "baseline_ms": 234.73858833312988,
      "rerank_enabled": false,
      "two_opt_enabled": false,
      "final_no_aug_score": 57161.0,
      "final_aug_score": 53338.0,
      "instance": "pr299",
      "problem_size": 299,
      "optimal": 48191.0,
      "no_aug_score": 57161.0,
      "aug_score": 53338.0,
      "no_aug_gap": 18.613434043701105,
      "aug_gap": 10.680417505343321
    },
    {
      "baseline_no_aug_score": 83758.0,
      "baseline_aug_score": 83483.0,
      "baseline_ms": 176.25808715820312,
      "rerank_enabled": false,
      "two_opt_enabled": false,
      "final_no_aug_score": 83758.0,
      "final_aug_score": 83483.0,
      "instance": "pr226",
      "problem_size": 226,
      "optimal": 80369.0,
      "no_aug_score": 83758.0,
      "aug_score": 83483.0,
      "no_aug_gap": 4.2168000099540865,
      "aug_gap": 3.8746282770720057
    },
    {
      "baseline_no_aug_score": 21062.0,
      "baseline_aug_score": 20754.0,
      "baseline_ms": 81.04228973388672,
      "rerank_enabled": false,
      "two_opt_enabled": false,
      "final_no_aug_score": 21062.0,
      "final_aug_score": 20754.0,
      "instance": "kroC100",
      "problem_size": 100,
      "optimal": 20749.0,
      "no_aug_score": 21062.0,
      "aug_score": 20754.0,
      "no_aug_gap": 1.5085064340450143,
      "aug_gap": 0.02409754686972866
    },
    {
      "baseline_no_aug_score": 6558.0,
      "baseline_aug_score": 6558.0,
      "baseline_ms": 118.6366081237793,
      "rerank_enabled": false,
      "two_opt_enabled": false,
      "final_no_aug_score": 6558.0,
      "final_aug_score": 6558.0,
      "instance": "ch150",
      "problem_size": 150,
      "optimal": 6528.0,
      "no_aug_score": 6558.0,
      "aug_score": 6558.0,
      "no_aug_gap": 0.4595588235294118,
      "aug_gap": 0.4595588235294118
    },
    {
      "baseline_no_aug_score": 631.0,
      "baseline_aug_score": 630.0,
      "baseline_ms": 82.61632919311523,
      "rerank_enabled": false,
      "two_opt_enabled": false,
      "final_no_aug_score": 631.0,
      "final_aug_score": 630.0,
      "instance": "eil101",
      "problem_size": 101,
      "optimal": 629.0,
      "no_aug_score": 631.0,
      "aug_score": 630.0,
      "no_aug_gap": 0.3179650238473768,
      "aug_gap": 0.1589825119236884
    },
    {
      "baseline_no_aug_score": 22432.0,
      "baseline_aug_score": 22226.0,
      "baseline_ms": 84.11335945129395,
      "rerank_enabled": false,
      "two_opt_enabled": false,
      "final_no_aug_score": 22432.0,
      "final_aug_score": 22226.0,
      "instance": "kroE100",
      "problem_size": 100,
      "optimal": 22068.0,
      "no_aug_score": 22432.0,
      "aug_score": 22226.0,
      "no_aug_gap": 1.649447163313395,
      "aug_gap": 0.7159688236360341
    },
    {
      "baseline_no_aug_score": 30468.0,
      "baseline_aug_score": 29731.0,
      "baseline_ms": 156.16703033447266,
      "rerank_enabled": false,
      "two_opt_enabled": false,
      "final_no_aug_score": 30468.0,
      "final_aug_score": 29731.0,
      "instance": "kroA200",
      "problem_size": 200,
      "optimal": 29368.0,
      "no_aug_score": 30468.0,
      "aug_score": 29731.0,
      "no_aug_gap": 3.7455734132388994,
      "aug_gap": 1.2360392263688367
    }
  ]
}